Patient ID #,Sample ID #,Tumor type,AJCC Stage,Mutation identified in tumor tissue*,Mutant mean allele frequency (%)
CRC 456,CRC 456 PT1,Colorectum,I,"KRAS p.G13D, c.38G>A",25.44
CRC 457,CRC 457 PT1,Colorectum,II,"TP53 p.Q331Q, c.993G>A (Exon End)",28.97
CRC 457,CRC 457 PT1,Colorectum,II,"BRAF p.V600E, c.1799T>A",22.63
CRC 458,CRC 458 PT1,Colorectum,II,"TP53 p.R248Q, c.743G>A",51.94
CRC 459,CRC 459 PT1,Colorectum,II,"TP53 p.A276G, c.827C>G",52.19
CRC 460,CRC 460 PT1,Colorectum,II,"CTNNB1 p.S45F, c.134C>T",52.43
CRC 461,CRC 461 PT1,Colorectum,I,"TP53 p.R248Q, c.743G>A",46.79
CRC 462,CRC 462 PT1,Colorectum,I,"CTNNB1 p.S45P, c.133T>C",57.25
CRC 462,CRC 462 PT1,Colorectum,I,"KRAS p.G13D, c.38G>A",28.49
CRC 462,CRC 462 PT1,Colorectum,I,"FBXW7 p.R465C, c.1393C>T",9.85
CRC 463,CRC 463 PT1,Colorectum,I,"TP53 p.G245S, c.733G>A",60.00
CRC 464,CRC 464 PT1,Colorectum,III,"TP53 p.R306*, c.916C>T",47.56
CRC 465,CRC 465 PT1,Colorectum,II,"TP53 p.L264fs, c.791delT",74.74
CRC 466,CRC 466 PT1,Colorectum,III,"TP53 p.R175H, c.524G>A",53.98
CRC 466,CRC 466 PT1,Colorectum,III,"KRAS p.G12V, c.35G>T",44.11
CRC 466,CRC 466 PT1,Colorectum,III,"APC p.R1450*, c.4348C>T",31.96
CRC 468,CRC 468 PT1,Colorectum,III,"TP53 p.E286G, c.857A>G",72.38
CRC 469,CRC 469 PT1,Colorectum,II,"TP53 p.P151fs, c.451insC",38.68
CRC 469,CRC 469 PT1,Colorectum,II,"PIK3CA p.Q546P, c.1637A>C",30.88
CRC 469,CRC 469 PT1,Colorectum,II,"KRAS p.G12V, c.35G>T",28.15
CRC 469,CRC 469 PT1,Colorectum,II,"FBXW7 p.R505G, c.1513C>G",26.84
CRC 470,CRC 470 PT1,Colorectum,II,"TP53 p.R342*, c.1024C>T",71.09
CRC 470,CRC 470 PT1,Colorectum,II,"APC p.E1306*, c.3916G>T",55.22
CRC 470,CRC 470 PT1,Colorectum,II,"NRAS p.Q61L, c.182A>T",53.60
CRC 471,CRC 471 PT1,Colorectum,III,"TP53 p.R196*, c.586C>T",63.18
CRC 472,CRC 472 PT1,Colorectum,II,"KRAS p.G12V, c.35G>T",25.66
CRC 472,CRC 472 PT1,Colorectum,II,"TP53 p.R273C, c.817C>T",20.88
CRC 472,CRC 472 PT1,Colorectum,II,"APC p.R1450*, c.4348C>T",9.05
CRC 473,CRC 473 PT1,Colorectum,II,"KRAS p.G13D, c.38G>A",50.82
CRC 474,CRC 474 PT1,Colorectum,III,"TP53 p.P152L, c.455C>T",50.83
CRC 476,CRC 476 PT1,Colorectum,II,"TP53 p.R249G, c.745A>G",58.82
CRC 477,CRC 477 PT1,Colorectum,II,"TP53 p.K132Q, c.394A>C",28.19
CRC 479,CRC 479 PT1,Colorectum,II,"KRAS p.G12C, c.34G>T",41.60
CRC 480,CRC 480 PT1,Colorectum,III,"KRAS p.G12D, c.35G>A",48.72
CRC 480,CRC 480 PT1,Colorectum,III,"CTNNB1 p.T41A, c.121A>G",32.64
CRC 480,CRC 480 PT1,Colorectum,III,"TP53 p.H168R, c.503A>G",27.13
CRC 480,CRC 480 PT1,Colorectum,III,"TP53 p.R175C, c.523C>T",18.07
CRC 481,CRC 481 PT1,Colorectum,II,"PIK3CA p.H1047R, c.3140A>G",31.36
CRC 481,CRC 481 PT1,Colorectum,II,"BRAF p.V600E, c.1799T>A",27.88
CRC 481,CRC 481 PT1,Colorectum,II,"FBXW7 p.E471fs, c.1412insA",15.62
CRC 482,CRC 482 PT1,Colorectum,III,"TP53 p.R175H, c.524G>A",81.49
CRC 483,CRC 483 PT1,Colorectum,I,"BRAF p.V600E, c.1799T>A",10.79
CRC 484,CRC 484 PT1,Colorectum,I,"KRAS p.G12C, c.34G>T",32.53
CRC 486,CRC 486 PT1,Colorectum,I,"KRAS p.G12D, c.35G>A",40.23
CRC 486,CRC 486 PT1,Colorectum,I,"APC p.R1450*, c.4348C>T",32.44
CRC 486,CRC 486 PT1,Colorectum,I,"TP53 p.W91fs, c.271delGGCCCCTGCACCAGCCCCCTCCT",27.77
CRC 487,CRC 487 PT1,Colorectum,I,"KRAS p.G12D, c.35G>A",40.70
CRC 489,CRC 489 PT1,Colorectum,II,"FBXW7 p.R465H, c.1394G>A",28.22
CRC 489,CRC 489 PT1,Colorectum,II,"KRAS p.Q61K, c.181C>A",22.35
CRC 490,CRC 490 PT1,Colorectum,III,"TP53 p.K132N, c.396G>T",58.62
CRC 491,CRC 491 PT1,Colorectum,III,"TP53 p.R248Q, c.743G>A",57.78
CRC 491,CRC 491 PT1,Colorectum,III,"FBXW7 p.R465H, c.1394G>A",23.25
CRC 492,CRC 492 PT1,Colorectum,III,"TP53 p.R273H, c.818G>A",70.47
CRC 492,CRC 492 PT1,Colorectum,III,"KRAS p.G12D, c.35G>A",30.62
CRC 492,CRC 492 PT1,Colorectum,III,"APC p.E1309fs, c.3927delAAAGA",13.91
CRC 494,CRC 494 PT1,Colorectum,II,"TP53 p.R248Q, c.743G>A",75.43
CRC 494,CRC 494 PT1,Colorectum,II,"APC p.R1450*, c.4348C>T",25.96
CRC 496,CRC 496 PT1,Colorectum,I,"TP53 p.R248W, c.742C>T",72.75
CRC 497,CRC 497 PT1,Colorectum,III,"APC p.E1309*, c.3925G>T",28.67
CRC 497,CRC 497 PT1,Colorectum,III,"FBXW7 p.R479Q, c.1436G>A",27.64
CRC 498,CRC 498 PT1,Colorectum,III,"BRAF p.V600E, c.1799T>A",27.58
CRC 501,CRC 501 PT1,Colorectum,I,"TP53 p.G266*, c.796G>T",13.63
CRC 502,CRC 502 PT1,Colorectum,I,"TP53 p.G245S, c.733G>A",69.93
CRC 502,CRC 502 PT1,Colorectum,I,"KRAS p.G12V, c.35G>T",61.39
CRC 503,CRC 503 PT1,Colorectum,I,"TP53 p.Y163C, c.488A>G",55.68
CRC 504,CRC 504 PT1,Colorectum,III,"APC p.E1309fs, c.3927delAAAGA",62.45
CRC 504,CRC 504 PT1,Colorectum,III,"TP53 p.R273C, c.817C>T",60.01
CRC 505,CRC 505 PT1,Colorectum,III,"TP53 p.R213*, c.637C>T",73.33
CRC 505,CRC 505 PT1,Colorectum,III,"BRAF p.V600E, c.1799T>A",28.65
CRC 506,CRC 506 PT1,Colorectum,III,"APC p.I1311fs, c.3931insA",94.22
CRC 506,CRC 506 PT1,Colorectum,III,"TP53 p.R273L, c.818G>T",84.33
CRC 507,CRC 507 PT1,Colorectum,I,"CTNNB1 p.S45F, c.134C>T",69.17
CRC 507,CRC 507 PT1,Colorectum,I,"PIK3CA p.Q546R, c.1637A>G",38.18
CRC 507,CRC 507 PT1,Colorectum,I,"KRAS p.G12D, c.35G>A",35.85
CRC 508,CRC 508 PT1,Colorectum,I,"FBXW7 p.R505C, c.1513C>T",15.83
CRC 508,CRC 508 PT1,Colorectum,I,"BRAF p.V600E, c.1799T>A",9.57
CRC 511,CRC 511 PT1,Colorectum,II,"KRAS p.G13D, c.38G>A",40.37
CRC 511,CRC 511 PT1,Colorectum,II,"PIK3CA p.E545K, c.1633G>A",20.76
CRC 512,CRC 512 PT1,Colorectum,II,"TP53 p.R342*, c.1024C>T",52.32
CRC 512,CRC 512 PT1,Colorectum,II,"KRAS p.G12D, c.35G>A",37.37
CRC 513,CRC 513 PT1,Colorectum,II,"TP53 p.C275Y, c.824G>A",50.25
CRC 513,CRC 513 PT1,Colorectum,II,"APC p.E1306*, c.3916G>T",46.11
CRC 515,CRC 515 PT1,Colorectum,II,"PPP2R1A p.R183Q, c.548G>A",13.52
CRC 515,CRC 515 PT1,Colorectum,II,"TP53 p.K381fs, c.1141insA",12.33
CRC 516,CRC 516 PT1,Colorectum,II,"CTNNB1 p.T41A, c.121A>G",70.87
CRC 516,CRC 516 PT1,Colorectum,II,"TP53 p.Q104*, c.310C>T",58.43
CRC 517,CRC 517 PT1,Colorectum,II,"TP53 p.G245S, c.733G>A",76.65
CRC 518,CRC 518 PT1,Colorectum,III,"TP53 p.S215fs, c.644insGTG",75.00
CRC 520,CRC 520 PT1,Colorectum,III,"KRAS p.G12V, c.35G>T",74.54
CRC 521,CRC 521 PT1,Colorectum,III,"FBXW7 p.R367*, c.1099C>T",62.17
CRC 521,CRC 521 PT1,Colorectum,III,"TP53 p.R248W, c.742C>T",50.29
CRC 521,CRC 521 PT1,Colorectum,III,"KRAS p.A146V, c.437C>T",47.53
CRC 521,CRC 521 PT1,Colorectum,III,"PIK3CA p.E545K, c.1633G>A",28.40
CRC 522,CRC 522 PT1,Colorectum,II,"TP53 p.Y234N, c.700T>A",7.88
CRC 523,CRC 523 PT1,Colorectum,III,"TP53 p.R175H, c.524G>A",67.94
CRC 523,CRC 523 PT1,Colorectum,III,"APC p.E1309fs, c.3927delAAAGA",18.67
CRC 523,CRC 523 PT1,Colorectum,III,"KRAS p.G12V, c.35G>T",17.84
CRC 523,CRC 523 PT1,Colorectum,III,"TP53 p.D208N, c.622G>A",6.25
CRC 524,CRC 524 PT1,Colorectum,II,"KRAS p.G12V, c.35G>T",40.85
CRC 524,CRC 524 PT1,Colorectum,II,"PIK3CA p.H1047R, c.3140A>G",40.24
CRC 524,CRC 524 PT1,Colorectum,II,"TP53 p.K120R, c.359A>G",25.47
CRC 525,CRC 525 PT1,Colorectum,III,"TP53 p.R273H, c.818G>A",80.53
CRC 525,CRC 525 PT1,Colorectum,III,"KRAS p.G13D, c.38G>A",58.33
CRC 526,CRC 526 PT1,Colorectum,III,"AKT1 p.E17K, c.49G>A",41.99
CRC 526,CRC 526 PT1,Colorectum,III,"BRAF p.V600E, c.1799T>A",12.07
CRC 527,CRC 527 PT1,Colorectum,III,"KRAS p.A146T, c.436G>A",31.31
CRC 528,CRC 528 PT1,Colorectum,II,"APC p.R1450*, c.4348C>T",62.82
CRC 528,CRC 528 PT1,Colorectum,II,"KRAS p.G12D, c.35G>A",34.63
CRC 529,CRC 529 PT1,Colorectum,II,"TP53 p.R306*, c.916C>T",66.44
CRC 530,CRC 530 PT1,Colorectum,II,"KRAS p.A146T, c.436G>A",60.91
CRC 531,CRC 531 PT1,Colorectum,III,"KRAS p.G12V, c.35G>T",37.04
INDI 001,INDI 001 PT1,Lung,II,"TP53 p.Y236C, c.707A>G",49.07
INDI 002,INDI 002 PT1,Lung,II,"TP53 p.S241F, c.722C>T",24.74
INDI 002,INDI 002 PT1,Lung,II,"TP53 p.Y234*, c.702C>A",23.94
INDI 004,INDI 004 PT1,Lung,I,TP53 g.7576927C>A (Splice Site),60.61
INDI 005,INDI 005 PT1,Lung,I,"TP53 p.R156fs, c.467delG",53.41
INDI 007,INDI 007 PT1,Lung,II,"TP53 p.E180fs, c.540delCGCTGCCCCCACCATGAG",30.25
INDI 009,INDI 009 PT1,Lung,II,"TP53 p.C176F, c.527G>T",72.87
INDI 012,INDI 012 PT1,Lung,I,"CDKN2A p.D84V, c.251A>T",57.62
INDI 012,INDI 012 PT1,Lung,I,"PIK3CA p.E545K, c.1633G>A",15.30
INDI 014,INDI 014 PT1,Lung,II,"TP53 p.E298*, c.892G>T",64.15
INDI 016,INDI 016 PT1,Lung,III,"TP53 p.R249M, c.746G>T",33.50
INDI 016,INDI 016 PT1,Lung,III,"PIK3CA p.E545D, c.1635G>T",14.39
INDI 017,INDI 017 PT1,Lung,I,"TP53 p.R249M, c.746G>T",47.03
INDI 017,INDI 017 PT1,Lung,I,"TP53 p.T125T, c.375G>A (Exon End)",34.15
INDI 023,INDI 023 PT1,Lung,II,"TP53 p.G266V, c.797G>T",19.59
INDI 024,INDI 024 PT1,Lung,II,"KRAS p.G12C, c.34G>T",46.56
INDI 026,INDI 026 PT1,Lung,I,"EGFR p.L858R, c.2573T>G",28.94
INDI 027,INDI 027 PT1,Colorectum,II,"TP53 p.R175H, c.524G>A",91.65
INDI 028,INDI 028 PT1,Colorectum,II,"TP53 p.G245S, c.733G>A",78.25
INDI 029,INDI 029 PT1,Colorectum,II,"KRAS p.A146T, c.436G>A",31.95
INDI 029,INDI 029 PT1,Colorectum,II,"TP53 p.R213Q, c.638G>A",30.20
INDI 030,INDI 030 PT1,Colorectum,II,"TP53 p.R273H, c.818G>A",74.02
INDI 031,INDI 031 PT1,Colorectum,II,"KRAS p.G12D, c.35G>A",39.15
INDI 031,INDI 031 PT1,Colorectum,II,"TP53 p.R273C, c.817C>T",31.10
INDI 032,INDI 032 PT1,Colorectum,III,"TP53 p.C135R, c.403T>C",38.56
INDI 032,INDI 032 PT1,Colorectum,III,"BRAF p.D594G, c.1781A>G",27.28
INDI 034,INDI 034 PT1,Colorectum,III,"TP53 p.R175H, c.524G>A",59.07
INDI 034,INDI 034 PT1,Colorectum,III,"TP53 p.W53*, c.159G>A",25.37
INDI 035,INDI 035 PT1,Colorectum,II,"KRAS p.G12D, c.35G>A",30.46
INDI 036,INDI 036 PT1,Colorectum,I,"KRAS p.G12V, c.35G>T",49.01
INDI 036,INDI 036 PT1,Colorectum,I,"PIK3CA p.E542K, c.1624G>A",8.48
INDI 037,INDI 037 PT1,Colorectum,I,"PIK3CA p.E545A, c.1634A>C",42.60
INDI 037,INDI 037 PT1,Colorectum,I,"APC p.R1450*, c.4348C>T",32.65
INDI 038,INDI 038 PT1,Colorectum,II,"KRAS p.Q61K, c.181C>A",28.00
INDI 039,INDI 039 PT1,Colorectum,III,"BRAF p.D594G, c.1781A>G",34.56
INDI 040,INDI 040 PT1,Colorectum,I,"TP53 p.G266R, c.796G>A",49.71
INDI 042,INDI 042 PT1,Colorectum,I,"TP53 p.G245S, c.733G>A",35.25
INDI 042,INDI 042 PT1,Colorectum,I,"KRAS p.G12D, c.35G>A",30.73
INDI 043,INDI 043 PT1,Colorectum,II,"TP53 p.R273H, c.818G>A",54.45
INDI 044,INDI 044 PT1,Colorectum,II,"FBXW7 p.R505C, c.1513C>T",25.15
INDI 045,INDI 045 PT1,Colorectum,III,"FBXW7 p.R479Q, c.1436G>A",45.55
INDI 045,INDI 045 PT1,Colorectum,III,"PIK3CA p.E81K, c.241G>A",28.88
INDI 046,INDI 046 PT1,Colorectum,II,"TP53 p.R282W, c.844C>T",50.14
INDI 046,INDI 046 PT1,Colorectum,II,"TP53 p.T125T, c.375G>A (Exon End)",24.58
INDI 047,INDI 047 PT1,Colorectum,II,"TP53 p.R337L, c.1010G>T",41.14
INDI 048,INDI 048 PT1,Breast,II,"PIK3CA p.N345K, c.1035T>A",25.72
INDI 049,INDI 049 PT1,Breast,III,"PIK3CA p.H1047R, c.3140A>G",63.21
INDI 050,INDI 050 PT1,Breast,II,"TP53 p.Y220C, c.659A>G",34.63
INDI 050,INDI 050 PT1,Breast,II,"PIK3CA p.E545K, c.1633G>A",20.26
INDI 053,INDI 053 PT1,Breast,II,"TP53 p.T211fs, c.633insT",42.86
INDI 054,INDI 054 PT1,Breast,II,"PIK3CA p.Q546R, c.1637A>G",29.90
INDI 059,INDI 059 PT1,Breast,II,"PIK3CA p.M1043V, c.3127A>G",46.12
INDI 060,INDI 060 PT1,Breast,II,"PIK3CA p.E545K, c.1633G>A",59.88
INDI 061,INDI 061 PT1,Breast,II,"PIK3CA p.E545K, c.1633G>A",36.04
INDI 062,INDI 062 PT1,Breast,II,"PIK3CA p.E545K, c.1633G>A",18.14
INDI 064,INDI 064 PT1,Breast,II,"TP53 p.C242Y, c.725G>A",60.26
INDI 065,INDI 065 PT1,Breast,II,"PIK3CA p.G1049R, c.3145G>C",22.50
INDI 066,INDI 066 PT1,Breast,III,"TP53 p.V122fs, c.364delTG",38.46
INDI 066,INDI 066 PT1,Breast,III,"PTEN p.P96L, c.287C>T",25.64
INDI 066,INDI 066 PT1,Breast,III,"TP53 p.R175H, c.524G>A",10.53
INDI 068,INDI 068 PT1,Breast,II,"TP53 p.C176Y, c.527G>A",66.60
INDI 068,INDI 068 PT1,Breast,II,"PIK3CA p.N345K, c.1035T>A",56.31
INDI 070,INDI 070 PT1,Breast,III,"PTEN p.C136R, c.406T>C",41.77
INDI 072,INDI 072 PT1,Breast,II,"PIK3CA p.H1047R, c.3140A>G",26.47
INDI 073,INDI 073 PT1,Breast,III,"TP53 p.R196fs, c.587insT",82.26
INDI 073,INDI 073 PT1,Breast,III,"AKT1 p.E17K, c.49G>A",79.55
INDI 074,INDI 074 PT1,Pancreas,II,"TP53 p.R342*, c.1024C>T",15.38
INDI 074,INDI 074 PT1,Pancreas,II,"KRAS p.G12V, c.35G>T",14.53
INDI 075,INDI 075 PT1,Ovary,III,"TP53 p.Y220C, c.659A>G",71.43
INDI 076,INDI 076 PT1,Esophagus,II,"TP53 p.N288fs, c.864insT",63.56
INDI 077,INDI 077 PT1,Liver,II,"TP53 p.R249S, c.747G>T",42.83
INDI 077,INDI 077 PT1,Liver,II,"CTNNB1 p.G34V, c.101G>T",28.82
INDI 078,INDI 078 PT1,Liver,II,TP53 g.7577498C>G (Splice Site),75.35
INDI 079,INDI 079 PT1,Liver,II,"TP53 p.C176F, c.527G>T",71.29
INDI 081,INDI 081 PT1,Colorectum,II,"TP53 p.W53*, c.158G>A",21.11
INDI 082,INDI 082 PT1,Stomach,II,"TP53 p.W53*, c.158G>A",23.87
INDI 083,INDI 083 PT1,Stomach,II,"TP53 p.R196*, c.586C>T",21.77
INDI 085,INDI 085 PT1,Stomach,I,"TP53 p.L130F, c.388C>T",6.39
INDI 089,INDI 089 PT1,Colorectum,II,"TP53 p.R282W, c.844C>T",47.79
INDI 089,INDI 089 PT1,Colorectum,II,"KRAS p.G12A, c.35G>C",33.42
INDI 090,INDI 090 PT1,Colorectum,II,"TP53 p.G245A, c.734G>C",52.01
INDI 092,INDI 092 PT1,Stomach,II,"TP53 p.C238R, c.712T>C",40.59
INDI 093,INDI 093 PT1,Colorectum,I,"TP53 p.R175H, c.524G>A",78.24
INDI 094,INDI 094 PT1,Colorectum,I,"TP53 p.R306*, c.916C>T",53.20
INDI 094,INDI 094 PT1,Colorectum,I,"PPP2R1A p.R183W, c.547C>T",36.61
INDI 095,INDI 095 PT1,Stomach,II,"PIK3CA p.E545K, c.1633G>A",23.48
INDI 096,INDI 096 PT1,Colorectum,I,"KRAS p.G12D, c.35G>A",31.89
INDI 096,INDI 096 PT1,Colorectum,I,"PIK3CA p.E545G, c.1634A>G",19.04
INDI 097,INDI 097 PT1,Colorectum,III,"APC p.R1450*, c.4348C>T",21.00
INDI 097,INDI 097 PT1,Colorectum,III,"TP53 p.K372fs, c.1114delA",20.79
INDI 097,INDI 097 PT1,Colorectum,III,"BRAF p.V600E, c.1799T>A",18.14
INDI 097,INDI 097 PT1,Colorectum,III,"TP53 p.S33fs, c.98insC",18.04
INDI 097,INDI 097 PT1,Colorectum,III,"TP53 p.R175H, c.524G>A",16.31
INDI 098,INDI 098 PT1,Colorectum,II,"TP53 p.R282W, c.844C>T",84.50
INDI 098,INDI 098 PT1,Colorectum,II,"PIK3CA p.H1047R, c.3140A>G",58.68
INDI 100,INDI 100 PT1,Colorectum,III,"KRAS p.G13D, c.38G>A",26.90
INDI 100,INDI 100 PT1,Colorectum,III,"TP53 p.C141Y, c.422G>A",25.65
INDI 101,INDI 101 PT1,Colorectum,III,"TP53 p.P177fs, c.531insCCACCATGAGCGCTGCTCAGATAGCGATG",40.96
INDI 101,INDI 101 PT1,Colorectum,III,"KRAS p.G12A, c.35G>C",12.88
INDI 102,INDI 102 PT1,Colorectum,III,"APC p.R1450*, c.4348C>T",67.28
INDI 104,INDI 104 PT1,Stomach,III,"TP53 p.V272M, c.814G>A",70.96
INDI 107,INDI 107 PT1,Colorectum,II,"TP53 p.R175H, c.524G>A",51.22
INDI 107,INDI 107 PT1,Colorectum,II,"NRAS p.G13V, c.38G>T",23.77
INDI 108,INDI 108 PT1,Colorectum,II,"TP53 p.R267W, c.799C>T",44.88
INDI 108,INDI 108 PT1,Colorectum,II,"TP53 p.R273C, c.817C>T",38.27
INDI 109,INDI 109 PT1,Colorectum,III,"TP53 p.R248Q, c.743G>A",56.45
INDI 110,INDI 110 PT1,Stomach,I,"TP53 p.T211I, c.632C>T",46.16
INDI 111,INDI 111 PT1,Stomach,II,"TP53 p.Q192fs, c.574delC",15.93
INDI 112,INDI 112 PT1,Esophagus,II,"TP53 p.L194R, c.581T>G",46.74
INDI 112,INDI 112 PT1,Esophagus,II,"TP53 p.Q100*, c.298C>T",18.70
INDI 113,INDI 113 PT1,Colorectum,II,TP53 g.7579310A>G (Splice Site),28.53
INDI 113,INDI 113 PT1,Colorectum,II,"KRAS p.G12V, c.35G>T",24.69
INDI 116,INDI 116 PT1,Stomach,I,"TP53 p.S260Y, c.779C>A",60.35
INDI 116,INDI 116 PT1,Stomach,I,"TP53 p.Y327fs, c.981delT",39.13
INDI 119,INDI 119 PT1,Esophagus,I,"APC p.N1455fs, c.4364delA",34.88
INDI 119,INDI 119 PT1,Esophagus,I,"TP53 p.H179R, c.536A>G",33.33
INDI 120,INDI 120 PT1,Stomach,III,TP53 g.7579310A>T (Splice Site),49.86
INDI 121,INDI 121 PT1,Stomach,I,"TP53 p.G245S, c.733G>A",11.98
INDI 122,INDI 122 PT1,Colorectum,II,"PIK3CA p.H1047R, c.3140A>G",37.43
INDI 122,INDI 122 PT1,Colorectum,II,"KRAS p.A146T, c.436G>A",29.84
INDI 122,INDI 122 PT1,Colorectum,II,"APC p.R1450*, c.4348C>T",26.56
INDI 122,INDI 122 PT1,Colorectum,II,"TP53 p.Y236C, c.707A>G",10.85
INDI 122,INDI 122 PT1,Colorectum,II,"KRAS p.G13D, c.38G>A",5.46
INDI 123,INDI 123 PT1,Colorectum,II,"TP53 p.Y236C, c.707A>G",70.65
INDI 123,INDI 123 PT1,Colorectum,II,"KRAS p.G13D, c.38G>A",38.54
INDI 124,INDI 124 PT1,Colorectum,II,"TP53 p.A63V, c.188C>T",46.75
INDI 124,INDI 124 PT1,Colorectum,II,"KRAS p.A146T, c.436G>A",11.34
INDI 125,INDI 125 PT1,Esophagus,II,"TP53 p.L194H, c.581T>A",43.43
INDI 126,INDI 126 PT1,Stomach,III,"TP53 p.K132R, c.395A>G",27.98
INDI 127,INDI 127 PT1,Colorectum,II,"PIK3CA p.H1047R, c.3140A>G",35.84
INDI 127,INDI 127 PT1,Colorectum,II,"KRAS p.G12D, c.35G>A",35.07
INDI 128,INDI 128 PT1,Colorectum,III,"CTNNB1 p.S45F, c.134C>T",86.54
INDI 128,INDI 128 PT1,Colorectum,III,"KRAS p.Q61R, c.182A>G",44.40
INDI 128,INDI 128 PT1,Colorectum,III,"TP53 p.S241F, c.722C>T",42.39
INDI 128,INDI 128 PT1,Colorectum,III,"TP53 p.R273C, c.817C>T",20.24
INDI 130,INDI 130 PT1,Stomach,II,"TP53 p.G245S, c.733G>A",13.96
INDI 131,INDI 131 PT1,Stomach,II,"PIK3CA p.H1047R, c.3140A>G",27.14
INDI 131,INDI 131 PT1,Stomach,II,"KRAS p.A59T, c.175G>A",23.60
INDI 134,INDI 134 PT1,Stomach,III,"TP53 p.R282W, c.844C>T",43.79
INDI 134,INDI 134 PT1,Stomach,III,"CTNNB1 p.S33C, c.98C>G",12.28
INDI 136,INDI 136 PT1,Colorectum,II,"PIK3CA p.H1047R, c.3140A>G",37.59
INDI 136,INDI 136 PT1,Colorectum,II,"KRAS p.G13D, c.38G>A",31.70
INDI 137,INDI 137 PT1,Stomach,II,"TP53 p.V272M, c.814G>A",22.66
INDI 140,INDI 140 PT1,Stomach,III,"CTNNB1 p.G34V, c.101G>T",36.58
INDI 141,INDI 141 PT1,Stomach,III,"TP53 p.L45fs, c.133insCTGT",24.94
INDI 143,INDI 143 PT1,Colorectum,II,"PIK3CA p.H1047R, c.3140A>G",31.29
INDI 143,INDI 143 PT1,Colorectum,II,"TP53 p.Y236C, c.707A>G",19.55
INDI 144,INDI 144 PT1,Colorectum,II,"TP53 p.Y234C, c.701A>G",50.28
INDI 144,INDI 144 PT1,Colorectum,II,"KRAS p.G12D, c.35G>A",39.23
INDI 145,INDI 145 PT1,Colorectum,II,"TP53 p.V272L, c.814G>T",50.99
INDI 145,INDI 145 PT1,Colorectum,II,"KRAS p.G12D, c.35G>A",31.89
INDI 146,INDI 146 PT1,Colorectum,II,"TP53 p.V274F, c.820G>T",50.01
INDI 147,INDI 147 PT1,Stomach,II,"TP53 p.R175H, c.524G>A",38.03
INDI 148,INDI 148 PT1,Colorectum,II,"TP53 p.Y234S, c.701A>C",41.42
INDI 150,INDI 150 PT1,Colorectum,II,TP53 g.7578176C>T (Splice Site),49.20
INDI 150,INDI 150 PT1,Colorectum,II,"KRAS p.G12C, c.34G>T",46.81
INDI 151,INDI 151 PT1,Stomach,II,"TP53 p.Y220C, c.659A>G",19.12
INDI 152,INDI 152 PT1,Colorectum,I,"KRAS p.G13D, c.38G>A",78.56
INDI 152,INDI 152 PT1,Colorectum,I,"TP53 p.C176Y, c.527G>A",77.49
INDI 153,INDI 153 PT1,Stomach,II,"KRAS p.G12D, c.35G>A",25.95
INDI 155,INDI 155 PT1,Colorectum,II,"FBXW7 p.R505C, c.1513C>T",20.21
INDI 156,INDI 156 PT1,Colorectum,III,"TP53 p.P190fs, c.570delCCT",38.84
INDI 156,INDI 156 PT1,Colorectum,III,"KRAS p.G12V, c.35G>T",25.51
INDI 158,INDI 158 PT1,Colorectum,I,"TP53 p.V173G, c.518T>G",66.55
INDI 159,INDI 159 PT1,Colorectum,II,"KRAS p.G12S, c.34G>A",42.06
INDI 159,INDI 159 PT1,Colorectum,II,"FBXW7 p.R465C, c.1393C>T",34.17
INDI 160,INDI 160 PT1,Colorectum,II,"APC p.E1309*, c.3925G>T",28.50
INDI 161,INDI 161 PT1,Stomach,II,"TP53 p.M237K, c.710T>A",78.38
INDI 162,INDI 162 PT1,Stomach,III,TP53 g.7578291T>G (Splice Site),44.38
INDI 163,INDI 163 PT1,Colorectum,III,"BRAF p.V600E, c.1799T>A",26.51
INDI 163,INDI 163 PT1,Colorectum,III,"AKT1 p.E17K, c.49G>A",25.17
INDI 164,INDI 164 PT1,Colorectum,I,"TP53 p.R273C, c.817C>T",64.12
INDI 167,INDI 167 PT1,Stomach,II,"PIK3CA p.E545K, c.1633G>A",5.07
INDI 168,INDI 168 PT1,Stomach,II,"TP53 p.L257P, c.770T>C",39.48
INDI 169,INDI 169 PT1,Colorectum,III,"TP53 p.G245S, c.733G>A",18.90
INDI 169,INDI 169 PT1,Colorectum,III,"KRAS p.G12D, c.35G>A",17.12
INDI 171,INDI 171 PT1,Stomach,III,"TP53 p.G199fs, c.597insA",50.55
INDI 172,INDI 172 PT1,Stomach,II,"TP53 p.R248Q, c.743G>A",9.30
INDI 173,INDI 173 PT1,Stomach,I,"TP53 p.R248W, c.742C>T",46.56
INDI 175,INDI 175 PT1,Colorectum,III,"TP53 p.L188fs, c.564delG",28.65
INDI 176,INDI 176 PT1,Stomach,II,"TP53 p.T125T, c.375G>C (Exon End)",21.93
INDI 178,INDI 178 PT1,Colorectum,III,"FBXW7 p.R465C, c.1393C>T",20.49
INDI 178,INDI 178 PT1,Colorectum,III,"TP53 p.Y234H, c.700T>C",18.92
INDI 179,INDI 179 PT1,Colorectum,III,"TP53 p.R273H, c.818G>A",19.58
INDI 182,INDI 182 PT1,Liver,III,"TP53 p.A159P, c.475G>C",50.10
INDI 182,INDI 182 PT1,Liver,III,"CTNNB1 p.S45P, c.133T>C",33.08
INDI 183,INDI 183 PT1,Stomach,I,"TP53 p.R175H, c.524G>A",22.88
INDI 184,INDI 184 PT1,Esophagus,II,"TP53 p.H193R, c.578A>G",74.76
INDI 185,INDI 185 PT1,Stomach,II,"TP53 p.S183fs, c.549insA",8.59
INDI 187,INDI 187 PT1,Stomach,I,"TP53 p.V31I, c.91G>A",46.72
INDI 187,INDI 187 PT1,Stomach,I,"PIK3CA p.H1047R, c.3140A>G",29.71
INDI 189,INDI 189 PT1,Esophagus,II,"TP53 p.V274F, c.820G>T",44.84
INDI 190,INDI 190 PT1,Liver,III,"TP53 p.P151fs, c.451insC",41.19
INDI 191,INDI 191 PT1,Colorectum,I,"TP53 p.L114*, c.341T>A",20.75
INDI 194,INDI 194 PT1,Colorectum,II,"CTNNB1 p.S45F, c.134C>T",62.15
INDI 194,INDI 194 PT1,Colorectum,II,"KRAS p.A146T, c.436G>A",20.09
INDI 195,INDI 195 PT1,Colorectum,III,"KRAS p.G12C, c.34G>T",14.89
INDI 195,INDI 195 PT1,Colorectum,III,"TP53 p.L194P, c.581T>C",8.24
INDI 196,INDI 196 PT1,Colorectum,III,"PPP2R1A p.R183W, c.547C>T",34.87
INDI 196,INDI 196 PT1,Colorectum,III,"PIK3CA p.E545D, c.1635G>C",33.17
INDI 197,INDI 197 PT1,Colorectum,II,"TP53 p.V122fs, c.364delTG",65.23
INDI 198,INDI 198 PT1,Stomach,III,"TP53 p.V274F, c.820G>T",11.05
INDI 199,INDI 199 PT1,Stomach,II,"TP53 p.V272M, c.814G>A",36.77
INDI 199,INDI 199 PT1,Stomach,II,"APC p.R1450*, c.4348C>T",34.89
INDI 199,INDI 199 PT1,Stomach,II,"KRAS p.G12D, c.35G>A",33.60
INDI 200,INDI 200 PT1,Breast,III,"TP53 p.V272fs, c.816insG",69.74
INDI 202,INDI 202 PT1,Colorectum,II,"KRAS p.G12V, c.35G>T",28.89
INDI 202,INDI 202 PT1,Colorectum,II,"PIK3CA p.E545K, c.1633G>A",25.16
INDI 205,INDI 205 PT1,Liver,III,"TP53 p.E204*, c.610G>T",65.19
INDI 206,INDI 206 PT1,Stomach,III,"TP53 p.V272L, c.814G>C",58.79
INDI 209,INDI 209 PT1,Colorectum,II,"TP53 p.H179R, c.536A>G",43.29
INDI 210,INDI 210 PT1,Stomach,III,"TP53 p.C135*, c.405C>A",51.16
INDI 211,INDI 211 PT1,Colorectum,II,"TP53 p.R175H, c.524G>A",63.04
INDI 212,INDI 212 PT1,Colorectum,III,"BRAF p.V600E, c.1799T>A",26.54
INDI 213,INDI 213 PT1,Colorectum,III,"TP53 p.R282W, c.844C>T",67.18
INDI 213,INDI 213 PT1,Colorectum,III,"PIK3CA p.Q546R, c.1637A>G",25.64
INDI 214,INDI 214 PT1,Stomach,II,"PPP2R1A p.R183W, c.547C>T",40.57
INDI 215,INDI 215 PT1,Liver,II,"TP53 p.R196*, c.586C>T",62.24
INDI 216,INDI 216 PT1,Colorectum,III,TP53 g.7577156C>T (Splice Site),22.73
INDI 219,INDI 219 PT1,Liver,III,"KRAS p.G12C, c.34G>T",29.45
INDI 221,INDI 221 PT1,Colorectum,III,"KRAS p.G12V, c.35G>T",59.73
INDI 221,INDI 221 PT1,Colorectum,III,"PIK3CA p.E542K, c.1624G>A",31.13
INDI 222,INDI 222 PT1,Colorectum,II,"TP53 p.G266E, c.797G>A",17.16
INDI 222,INDI 222 PT1,Colorectum,II,"KRAS p.G13D, c.38G>A",16.69
INDI 222,INDI 222 PT1,Colorectum,II,"PIK3CA p.H1047R, c.3140A>G",8.29
INDI 223,INDI 223 PT1,Colorectum,I,"TP53 p.R213*, c.637C>T",30.59
INDI 223,INDI 223 PT1,Colorectum,I,"APC p.R1450*, c.4348C>T",20.69
INDI 224,INDI 224 PT1,Lung,III,"TP53 p.R248W, c.742C>T",52.73
INDI 225,INDI 225 PT1,Colorectum,I,"KRAS p.G13D, c.38G>A",17.35
INDI 225,INDI 225 PT1,Colorectum,I,"APC p.R1450*, c.4348C>T",15.53
INDI 230,INDI 230 PT1,Colorectum,I,"KRAS p.G12D, c.35G>A",34.45
INDI 231,INDI 231 PT1,Lung,III,"KRAS p.G12D, c.35G>A",36.29
INDI 233,INDI 233 PT1,Colorectum,I,"TP53 p.R273H, c.818G>A",27.71
INDI 233,INDI 233 PT1,Colorectum,I,"TP53 p.R213*, c.637C>T",27.02
INDI 234,INDI 234 PT1,Colorectum,I,"TP53 p.L43fs, c.129delTG",70.17
INDI 236,INDI 236 PT1,Stomach,II,"PIK3CA p.E545K, c.1633G>A",11.86
INDI 239,INDI 239 PT1,Lung,III,"TP53 p.R282G, c.844C>G",48.44
INDI 239,INDI 239 PT1,Lung,III,CDKN2A g.21971209T>A (Splice Site),41.79
INDI 241,INDI 241 PT1,Stomach,III,"TP53 p.R209fs, c.626delAG",67.11
INDI 243,INDI 243 PT1,Colorectum,I,"TP53 p.R248W, c.742C>T",37.86
INDI 243,INDI 243 PT1,Colorectum,I,"FBXW7 p.R465H, c.1394G>A",31.07
INDI 243,INDI 243 PT1,Colorectum,I,"APC p.E1309fs, c.3927delAAAGA",22.22
INDI 244,INDI 244 PT1,Colorectum,III,"TP53 p.G245D, c.734G>A",39.80
INDI 244,INDI 244 PT1,Colorectum,III,"KRAS p.G12C, c.34G>T",35.75
INDI 244,INDI 244 PT1,Colorectum,III,"GNAS p.R201H, c.602G>A",33.89
INDI 245,INDI 245 PT1,Colorectum,III,"KRAS p.Q61K, c.181C>A",48.05
INDI 246,INDI 246 PT1,Lung,II,"BRAF p.V600E, c.1799T>A",17.12
INDI 248,INDI 248 PT1,Colorectum,II,"PIK3CA p.H1047R, c.3140A>G",37.03
INDI 248,INDI 248 PT1,Colorectum,II,"KRAS p.G12D, c.35G>A",35.53
INDI 255,INDI 255 PT1,Colorectum,II,"TP53 p.R248W, c.742C>T",54.12
INDI 255,INDI 255 PT1,Colorectum,II,"KRAS p.G13V, c.38G>T",36.33
INDI 255,INDI 255 PT1,Colorectum,II,"PIK3CA p.H1047R, c.3140A>G",35.71
INDI 255,INDI 255 PT1,Colorectum,II,"APC p.E1309*, c.3925G>T",29.61
INDI 256,INDI 256 PT1,Colorectum,III,"TP53 p.R175H, c.524G>A",51.86
INDI 256,INDI 256 PT1,Colorectum,III,"KRAS p.G12S, c.34G>A",44.35
INDI 256,INDI 256 PT1,Colorectum,III,"FBXW7 p.R465H, c.1394G>A",28.81
INDI 257,INDI 257 PT1,Lung,III,"KRAS p.G12R, c.34G>C",56.11
INDI 259,INDI 259 PT1,Colorectum,II,"TP53 p.L348*, c.1043T>A",34.74
INDI 259,INDI 259 PT1,Colorectum,II,"KRAS p.G13D, c.38G>A",25.99
INDI 261,INDI 261 PT1,Breast,II,"PIK3CA p.E542K, c.1624G>A",38.73
INDI 262,INDI 262 PT1,Breast,III,"AKT1 p.E17K, c.49G>A",65.36
INDI 264,INDI 264 PT1,Lung,III,"TP53 p.C135F, c.404G>T",36.93
INDI 265,INDI 265 PT1,Breast,II,"PIK3CA p.N345K, c.1035T>A",45.85
INDI 268,INDI 268 PT1,Colorectum,III,"TP53 p.R196*, c.586C>T",35.33
INDI 268,INDI 268 PT1,Colorectum,III,"NRAS p.Q61R, c.182A>G",33.55
INDI 269,INDI 269 PT1,Lung,III,"TP53 p.G266*, c.796G>T",66.67
INDI 271,INDI 271 PT1,Colorectum,III,"KRAS p.G12C, c.34G>T",20.15
INDI 271,INDI 271 PT1,Colorectum,III,"FBXW7 p.R505C, c.1513C>T",15.27
INDI 279,INDI 279 PT1,Colorectum,II,"GNAS p.R201H, c.602G>A",25.95
INDI 280,INDI 280 PT1,Breast,I,"TP53 p.N131fs, c.392delCAA",32.93
INDI 281,INDI 281 PT1,Colorectum,I,"BRAF p.V600E, c.1799T>A",5.97
INDI 283,INDI 283 PT1,Lung,I,"TP53 p.F134fs, c.400delT",34.20
INDI 283,INDI 283 PT1,Lung,I,"KRAS p.G12A, c.35G>C",26.40
INDI 283,INDI 283 PT1,Lung,I,"TP53 p.K132T, c.395A>C",24.56
INDI 284,INDI 284 PT1,Colorectum,II,"APC p.E1309fs, c.3927delAAAGA",52.77
INDI 284,INDI 284 PT1,Colorectum,II,"TP53 p.G245V, c.734G>T",51.05
INDI 284,INDI 284 PT1,Colorectum,II,"KRAS p.G12V, c.35G>T",38.29
INDI 285,INDI 285 PT1,Lung,II,"TP53 p.E339*, c.1015G>T",45.11
INDI 287,INDI 287 PT1,Breast,III,"TP53 p.S94*, c.281C>G",55.25
INDI 288,INDI 288 PT1,Lung,III,"TP53 p.T125T, c.375G>T (Exon End)",31.77
INDI 289,INDI 289 PT1,Breast,II,"PTEN p.A126S, c.376G>T",19.86
INDI 290,INDI 290 PT1,Colorectum,I,"TP53 p.R342*, c.1024C>T",71.01
INDI 290,INDI 290 PT1,Colorectum,I,"PIK3CA p.E545Q, c.1633G>C",28.69
INDI 291,INDI 291 PT1,Lung,I,"KRAS p.G12V, c.35G>T",50.47
INDI 292,INDI 292 PT1,Lung,III,"TP53 p.C124*, c.372C>A",38.73
INDI 295,INDI 295 PT1,Colorectum,II,"KRAS p.G12A, c.35G>C",61.99
INDI 296,INDI 296 PT1,Colorectum,II,"TP53 p.Q104*, c.310C>T",48.98
INDI 297,INDI 297 PT1,Breast,III,"TP53 p.R248Q, c.743G>A",37.66
INDI 298,INDI 298 PT1,Colorectum,I,"TP53 p.R175H, c.524G>A",76.12
INDI 298,INDI 298 PT1,Colorectum,I,"PIK3CA p.E542K, c.1624G>A",53.03
INDI 299,INDI 299 PT1,Colorectum,I,"TP53 p.R248Q, c.743G>A",80.67
INDI 301,INDI 301 PT1,Breast,II,"TP53 p.R273C, c.817C>T",40.63
INDI 303,INDI 303 PT1,Colorectum,I,"KRAS p.G12V, c.35G>T",27.93
INDI 303,INDI 303 PT1,Colorectum,I,"FBXW7 p.R505C, c.1513C>T",25.92
INDI 304,INDI 304 PT1,Colorectum,I,"TP53 p.R282W, c.844C>T",66.36
INDI 305,INDI 305 PT1,Colorectum,II,"NRAS p.G12D, c.35G>A",53.26
INDI 305,INDI 305 PT1,Colorectum,II,"TP53 p.L130V, c.388C>G",49.04
INDI 306,INDI 306 PT1,Colorectum,III,"TP53 p.R175H, c.524G>A",47.76
INDI 306,INDI 306 PT1,Colorectum,III,"APC p.E1309fs, c.3927delAAAGA",13.97
INDI 307,INDI 307 PT1,Colorectum,III,"TP53 p.R273H, c.818G>A",59.16
INDI 307,INDI 307 PT1,Colorectum,III,"KRAS p.G13D, c.38G>A",36.89
INDI 308,INDI 308 PT1,Liver,II,"PIK3CA p.H1047R, c.3140A>G",6.45
INDI 310,INDI 310 PT1,Colorectum,II,"KRAS p.G13D, c.38G>A",34.65
INDI 310,INDI 310 PT1,Colorectum,II,"PIK3CA p.E545A, c.1634A>C",34.06
INDI 311,INDI 311 PT1,Colorectum,III,"PIK3CA p.E545K, c.1633G>A",61.54
INDI 311,INDI 311 PT1,Colorectum,III,"TP53 p.R306*, c.916C>T",50.99
INDI 312,INDI 312 PT1,Breast,II,"PIK3CA p.H1047R, c.3140A>G",28.57
INDI 312,INDI 312 PT1,Breast,II,"TP53 p.G226fs, c.677delG",12.50
INDI 313,INDI 313 PT1,Esophagus,II,"TP53 p.Y126*, c.378C>G",38.44
INDI 315,INDI 315 PT1,Breast,II,"TP53 p.H115fs, c.345insTTCTGGGACAGCCAAG",44.50
INDI 315,INDI 315 PT1,Breast,II,"PIK3CA p.H1047R, c.3140A>G",25.94
INDI 316,INDI 316 PT1,Breast,II,"PIK3CA p.H1047R, c.3140A>G",47.59
INDI 318,INDI 318 PT1,Stomach,III,"KRAS p.G12D, c.35G>A",42.13
INDI 318,INDI 318 PT1,Stomach,III,"TP53 p.G199V, c.596G>T",41.67
INDI 319,INDI 319 PT1,Stomach,I,"TP53 p.M237K, c.710T>A",33.84
INDI 319,INDI 319 PT1,Stomach,I,"TP53 p.P152L, c.455C>T",16.37
INDI 320,INDI 320 PT1,Colorectum,II,"GNAS p.R201C, c.601C>T",39.45
INDI 320,INDI 320 PT1,Colorectum,II,"TP53 p.R273C, c.817C>T",35.73
INDI 320,INDI 320 PT1,Colorectum,II,"BRAF p.V600E, c.1799T>A",35.08
INDI 322,INDI 322 PT1,Colorectum,III,"KRAS p.A146T, c.436G>A",52.34
INDI 322,INDI 322 PT1,Colorectum,III,"TP53 p.A88fs, c.263delCCCCTGCACCAGC",20.84
INDI 324,INDI 324 PT1,Lung,I,"KRAS p.G12C, c.34G>T",67.25
INDI 324,INDI 324 PT1,Lung,I,"TP53 p.R273H, c.818G>A",44.54
INDI 325,INDI 325 PT1,Colorectum,III,"TP53 p.F113V, c.337T>G",49.96
INDI 325,INDI 325 PT1,Colorectum,III,"NRAS p.G12D, c.35G>A",27.65
INDI 325,INDI 325 PT1,Colorectum,III,"APC p.E1309fs, c.3927delAAAGA",15.44
INDI 326,INDI 326 PT1,Lung,I,"TP53 p.G245V, c.734G>T",23.09
INDI 326,INDI 326 PT1,Lung,I,"TP53 p.G245C, c.733G>T",22.73
INDI 327,INDI 327 PT1,Colorectum,II,"TP53 p.I195N, c.584T>A",66.08
INDI 327,INDI 327 PT1,Colorectum,II,"NRAS p.Q61K, c.181C>A",13.89
INDI 328,INDI 328 PT1,Colorectum,I,"TP53 p.R248W, c.742C>T",57.19
INDI 328,INDI 328 PT1,Colorectum,I,"KRAS p.G12A, c.35G>C",33.93
INDI 328,INDI 328 PT1,Colorectum,I,"PIK3CA p.E545K, c.1633G>A",30.62
INDI 329,INDI 329 PT1,Colorectum,III,"BRAF p.V600E, c.1799T>A",11.24
INDI 329,INDI 329 PT1,Colorectum,III,"PIK3CA p.E542K, c.1624G>A",5.12
INDI 331,INDI 331 PT1,Lung,III,"KRAS p.G12C, c.34G>T",7.79
INDI 333,INDI 333 PT1,Lung,II,"TP53 p.R248W, c.742C>T",41.49
INDI 334,INDI 334 PT1,Breast,I,"TP53 p.N345fs, c.1035insT",23.34
INDI 335,INDI 335 PT1,Lung,I,"KRAS p.G12V, c.35G>T",44.27
INDI 337,INDI 337 PT1,Esophagus,III,"TP53 p.R273C, c.817C>T",56.00
INDI 338,INDI 338 PT1,Colorectum,II,"PIK3CA p.H1047R, c.3140A>G",41.40
INDI 338,INDI 338 PT1,Colorectum,II,"FBXW7 p.R465H, c.1394G>A",36.03
INDI 338,INDI 338 PT1,Colorectum,II,"KRAS p.A146T, c.436G>A",35.55
INDI 339,INDI 339 PT1,Breast,II,"PIK3CA p.M1043I, c.3129G>A",8.19
INDI 340,INDI 340 PT1,Colorectum,III,"TP53 p.R175H, c.524G>A",64.19
INDI 340,INDI 340 PT1,Colorectum,III,"PIK3CA p.Q546K, c.1636C>A",41.63
INDI 340,INDI 340 PT1,Colorectum,III,"CTNNB1 p.S37F, c.110C>T",40.14
INDI 340,INDI 340 PT1,Colorectum,III,"FBXW7 p.R465L, c.1394G>T",9.60
INDI 343,INDI 343 PT1,Colorectum,III,"TP53 p.R306*, c.916C>T",14.91
INDI 343,INDI 343 PT1,Colorectum,III,"TP53 p.G244V, c.731G>T",13.32
INDI 344,INDI 344 PT1,Colorectum,II,"TP53 p.P278L, c.833C>T",59.52
INDI 344,INDI 344 PT1,Colorectum,II,"KRAS p.G12S, c.34G>A",37.22
INDI 346,INDI 346 PT1,Lung,I,"CDKN2A p.H83Y, c.247C>T",50.28
INDI 346,INDI 346 PT1,Lung,I,"TP53 p.C176F, c.527G>T",44.13
INDI 346,INDI 346 PT1,Lung,I,"TP53 p.S240C, c.718A>T",12.64
INDI 347,INDI 347 PT1,Esophagus,I,"TP53 p.V272M, c.814G>A",29.42
INDI 350,INDI 350 PT1,Breast,II,"PIK3CA p.E545K, c.1633G>A",19.06
INDI 353,INDI 353 PT1,Lung,II,"TP53 p.K132N, c.396G>T",6.38
INDI 353,INDI 353 PT1,Lung,II,"TP53 p.M133L, c.397A>T",6.08
INDI 354,INDI 354 PT1,Colorectum,III,"NRAS p.G12D, c.35G>A",67.78
INDI 354,INDI 354 PT1,Colorectum,III,"TP53 p.P250L, c.749C>T",48.01
INDI 355,INDI 355 PT1,Lung,I,"KRAS p.G12C, c.34G>T",49.69
INDI 356,INDI 356 PT1,Colorectum,I,"BRAF p.V600E, c.1799T>A",20.30
INDI 357,INDI 357 PT1,Lung,I,"TP53 p.G154V, c.461G>T",59.03
INDI 358,INDI 358 PT1,Lung,II,"KRAS p.G12C, c.34G>T",17.78
INDI 358,INDI 358 PT1,Lung,II,"KRAS p.G12V, c.35G>T",17.66
INDI 358,INDI 358 PT1,Lung,II,"TP53 p.G105C, c.313G>T",6.37
INDI 359,INDI 359 PT1,Breast,I,"TP53 p.R209fs, c.626delAG",46.53
INDI 359,INDI 359 PT1,Breast,I,"KRAS p.G12V, c.35G>T",27.27
INDI 362,INDI 362 PT1,Breast,II,"PIK3CA p.E542K, c.1624G>A",71.25
INDI 363,INDI 363 PT1,Breast,I,"TP53 p.H179R, c.536A>G",52.63
INDI 363,INDI 363 PT1,Breast,I,"PIK3CA p.H1047R, c.3140A>G",30.05
INDI 364,INDI 364 PT1,Lung,I,"KRAS p.G12C, c.34G>T",65.05
INDI 365,INDI 365 PT1,Colorectum,II,"TP53 p.C275F, c.824G>T",28.41
INDI 365,INDI 365 PT1,Colorectum,II,"APC p.E1309fs, c.3927delAAAGA",18.01
INDI 366,INDI 366 PT1,Pancreas,II,"KRAS p.G12D, c.35G>A",7.66
INDI 367,INDI 367 PT1,Liver,I,"CTNNB1 p.I35S, c.104T>G",43.40
INDI 368,INDI 368 PT1,Breast,II,"PIK3CA p.H1047L, c.3140A>T",30.03
INDI 369,INDI 369 PT1,Lung,I,"PIK3CA p.E545K, c.1633G>A",59.01
INDI 369,INDI 369 PT1,Lung,I,TP53 g.7578556T>A (Splice Site),44.24
INDI 371,INDI 371 PT1,Lung,III,"KRAS p.G12V, c.35G>T",36.49
INDI 371,INDI 371 PT1,Lung,III,"TP53 p.T125T, c.375G>T (Exon End)",6.88
INDI 372,INDI 372 PT1,Lung,II,"EGFR p.L858R, c.2573T>G",46.22
INDI 376,INDI 376 PT1,Colorectum,I,TP53 g.7577156C>T (Splice Site),37.05
INDI 376,INDI 376 PT1,Colorectum,I,"PIK3CA p.Q546R, c.1637A>G",9.99
INDI 377,INDI 377 PT1,Colorectum,II,"TP53 p.R248W, c.742C>T",60.16
INDI 377,INDI 377 PT1,Colorectum,II,"BRAF p.V600E, c.1799T>A",42.91
INDI 377,INDI 377 PT1,Colorectum,II,"PIK3CA p.R88Q, c.263G>A",41.84
INDI 379,INDI 379 PT1,Colorectum,III,"TP53 p.G245S, c.733G>A",55.87
INDI 379,INDI 379 PT1,Colorectum,III,"KRAS p.G13D, c.38G>A",34.63
INDI 379,INDI 379 PT1,Colorectum,III,"PIK3CA p.E542K, c.1624G>A",33.22
INDI 380,INDI 380 PT1,Colorectum,II,"TP53 p.N288fs, c.862delA",46.11
INDI 381,INDI 381 PT1,Lung,III,"PIK3CA p.H1047L, c.3140A>T",25.94
INDI 382,INDI 382 PT1,Breast,II,"TP53 p.N131I, c.392A>T",81.33
INDI 383,INDI 383 PT1,Lung,III,"TP53 p.Y205C, c.614A>G",18.84
INDI 383,INDI 383 PT1,Lung,III,CDKN2A g.21971209T>A (Splice Site),10.86
INDI 385,INDI 385 PT1,Colorectum,I,"TP53 p.G245S, c.733G>A",42.44
INDI 387,INDI 387 PT1,Liver,I,"TP53 p.R273L, c.818G>T",38.36
INDI 392,INDI 392 PT1,Lung,I,"TP53 p.R273L, c.818G>T",49.21
INDI 394,INDI 394 PT1,Lung,II,"KRAS p.G12C, c.34G>T",14.99
INDI 394,INDI 394 PT1,Lung,II,"PIK3CA p.E542K, c.1624G>A",9.76
INDI 395,INDI 395 PT1,Lung,I,"TP53 p.T125T, c.375G>T (Exon End)",29.94
INDI 396,INDI 396 PT1,Colorectum,I,"TP53 p.R175H, c.524G>A",84.89
INDI 397,INDI 397 PT1,Colorectum,III,"PIK3CA p.H1047Q, c.3141T>G",39.02
INDI 398,INDI 398 PT1,Colorectum,II,"TP53 p.A161T, c.481G>A",28.86
INDI 398,INDI 398 PT1,Colorectum,II,"KRAS p.G12V, c.35G>T",24.35
INDI 400,INDI 400 PT1,Colorectum,II,"TP53 p.R175H, c.524G>A",53.39
INDI 418,INDI 418 PT1,Colorectum,I,"TP53 p.R174W, c.520A>T",80.38
INDI 418,INDI 418 PT1,Colorectum,I,"TP53 p.R196*, c.586C>T",54.82
INDI 418,INDI 418 PT1,Colorectum,I,"APC p.K1308fs, c.3924insA",43.41
INDI 418,INDI 418 PT1,Colorectum,I,"KRAS p.G12V, c.35G>T",42.66
INDI 418,INDI 418 PT1,Colorectum,I,"PIK3CA p.E545K, c.1633G>A",39.63
INDI 419,INDI 419 PT1,Colorectum,I,"TP53 p.G245S, c.733G>A",60.08
INDI 421,INDI 421 PT1,Colorectum,II,"APC p.E1306*, c.3916G>T",58.52
INDI 421,INDI 421 PT1,Colorectum,II,"TP53 p.R175H, c.524G>A",47.04
INDI 421,INDI 421 PT1,Colorectum,II,"NRAS p.Q61K, c.181C>A",39.37
INDI 422,INDI 422 PT1,Colorectum,II,"TP53 p.C176Y, c.527G>A",62.21
INDI 422,INDI 422 PT1,Colorectum,II,"KRAS p.G13D, c.38G>A",44.53
INDI 423,INDI 423 PT1,Colorectum,II,"TP53 p.E287*, c.859G>T",47.07
INDI 424,INDI 424 PT1,Breast,II,"PIK3CA p.E545K, c.1633G>A",31.56
INDI 426,INDI 426 PT1,Breast,II,"PIK3CA p.H1047R, c.3140A>G",23.05
INDI 426,INDI 426 PT1,Breast,II,"PIK3CA p.E80K, c.238G>A",17.80
INDI 427,INDI 427 PT1,Colorectum,II,"KRAS p.G12C, c.34G>T",77.19
INDI 427,INDI 427 PT1,Colorectum,II,"PIK3CA p.E542K, c.1624G>A",51.38
INDI 428,INDI 428 PT1,Colorectum,III,"TP53 p.R175H, c.524G>A",41.38
INDI 428,INDI 428 PT1,Colorectum,III,"KRAS p.Q61H, c.183A>T",37.71
INDI 428,INDI 428 PT1,Colorectum,III,"PIK3CA p.R88Q, c.263G>A",14.65
INDI 431,INDI 431 PT1,Colorectum,II,"TP53 p.R273C, c.817C>T",16.21
INDI 431,INDI 431 PT1,Colorectum,II,"PIK3CA p.Q546P, c.1637A>C",6.63
INDI 433,INDI 433 PT1,Colorectum,II,"TP53 p.R282W, c.844C>T",62.19
INDI 434,INDI 434 PT1,Colorectum,II,"TP53 p.R273H, c.818G>A",71.80
INDI 436,INDI 436 PT1,Colorectum,III,"KRAS p.G12V, c.35G>T",36.68
INDI 436,INDI 436 PT1,Colorectum,III,"TP53 p.R290H, c.869G>A",20.71
INDI 437,INDI 437 PT1,Colorectum,I,"TP53 p.V157G, c.470T>G",70.94
INDI 437,INDI 437 PT1,Colorectum,I,"KRAS p.G12V, c.35G>T",47.10
INDI 438,INDI 438 PT1,Colorectum,II,"TP53 p.V216M, c.646G>A",51.26
INDI 438,INDI 438 PT1,Colorectum,II,"PIK3CA p.E545K, c.1633G>A",8.20
INDI 439,INDI 439 PT1,Colorectum,III,"TP53 p.R196*, c.586C>T",47.07
INDI 439,INDI 439 PT1,Colorectum,III,"KRAS p.G12C, c.34G>T",30.48
INDI 439,INDI 439 PT1,Colorectum,III,"BRAF p.F595L, c.1785T>G",30.26
INDI 440,INDI 440 PT1,Esophagus,II,"TP53 p.H179L, c.536A>T",32.48
INDI 440,INDI 440 PT1,Esophagus,II,"TP53 p.A39fs, c.117insA",31.32
INDI 441,INDI 441 PT1,Esophagus,II,"TP53 p.H179L, c.536A>T",52.70
INDI 441,INDI 441 PT1,Esophagus,II,CDKN2A g.21971208C>G (Splice Site),41.40
INDI 442,INDI 442 PT1,Breast,II,"TP53 p.R196*, c.586C>T",33.35
INDI 442,INDI 442 PT1,Breast,II,"PIK3CA p.H1047R, c.3140A>G",27.53
INDI 444,INDI 444 PT1,Colorectum,II,"TP53 p.K132N, c.396G>C",63.26
INDI 444,INDI 444 PT1,Colorectum,II,"KRAS p.G12D, c.35G>A",43.46
INDI 445,INDI 445 PT1,Breast,II,"TP53 p.E171fs, c.513delGACGGAG",29.79
INDI 447,INDI 447 PT1,Breast,III,"TP53 p.F113S, c.338T>C",36.13
INDI 447,INDI 447 PT1,Breast,III,"PIK3CA p.G1049R, c.3145G>C",32.44
INDI 450,INDI 450 PT1,Esophagus,II,"TP53 p.V31I, c.91G>A",39.80
INDI 450,INDI 450 PT1,Esophagus,II,"TP53 p.T304fs, c.910delCTGCCCCCAGGGAGCA",34.17
INDI 450,INDI 450 PT1,Esophagus,II,"TP53 p.I255F, c.763A>T",33.15
INDI 453,INDI 453 PT1,Breast,I,"PIK3CA p.H1047R, c.3140A>G",77.85
INDI 454,INDI 454 PT1,Breast,III,"TP53 p.L194R, c.581T>G",51.39
INDI 455,INDI 455 PT1,Breast,II,"TP53 p.D259V, c.776A>T",31.15
INDI 456,INDI 456 PT1,Colorectum,II,"KRAS p.G13D, c.38G>A",43.04
INDI 456,INDI 456 PT1,Colorectum,II,"TP53 p.R282W, c.844C>T",30.07
INDI 456,INDI 456 PT1,Colorectum,II,"PIK3CA p.H1047R, c.3140A>G",26.14
INDI 456,INDI 456 PT1,Colorectum,II,"FBXW7 p.R505C, c.1513C>T",23.19
INDI 457,INDI 457 PT1,Esophagus,II,"TP53 p.E221*, c.661G>T",38.49
INDI 457,INDI 457 PT1,Esophagus,II,"TP53 p.G266V, c.797G>T",37.68
INDI 459,INDI 459 PT1,Breast,II,"PIK3CA p.H1047R, c.3140A>G",53.76
INDI 459,INDI 459 PT1,Breast,II,"TP53 p.E285K, c.853G>A",53.50
INDI 461,INDI 461 PT1,Colorectum,III,"TP53 p.V172F, c.514G>T",39.80
INDI 462,INDI 462 PT1,Breast,III,TP53 g.7578176C>A (Splice Site),60.00
INDI 463,INDI 463 PT1,Colorectum,II,"TP53 p.R273C, c.817C>T",41.66
INDI 464,INDI 464 PT1,Liver,III,"TP53 p.K132*, c.394A>T",62.58
INDI 465,INDI 465 PT1,Esophagus,II,"TP53 p.Q38*, c.112C>T",66.98
INDI 466,INDI 466 PT1,Colorectum,II,"TP53 p.T155fs, c.463insA",56.34
INDI 466,INDI 466 PT1,Colorectum,II,"KRAS p.G12V, c.35G>T",56.21
INDI 467,INDI 467 PT1,Colorectum,II,"TP53 p.P151fs, c.451insC",66.21
INDI 468,INDI 468 PT1,Colorectum,II,"TP53 p.K132E, c.394A>G",48.93
INDI 468,INDI 468 PT1,Colorectum,II,"KRAS p.G13D, c.38G>A",48.84
INDI 470,INDI 470 PT1,Colorectum,III,"TP53 p.Q100*, c.298C>T",42.41
INDI 471,INDI 471 PT1,Breast,III,"TP53 p.R280I, c.839G>T",73.67
INDI 472,INDI 472 PT1,Colorectum,II,"TP53 p.L137fs, c.410insTGG",83.85
INDI 472,INDI 472 PT1,Colorectum,II,"KRAS p.G12V, c.35G>T",83.02
INDI 477,INDI 477 PT1,Colorectum,III,"TP53 p.R175H, c.524G>A",20.13
INDI 477,INDI 477 PT1,Colorectum,III,"BRAF p.V600E, c.1799T>A",14.98
INDI 478,INDI 478 PT1,Breast,II,"PIK3CA p.H1047R, c.3140A>G",62.74
INDI 479,INDI 479 PT1,Breast,III,"TP53 p.R175H, c.524G>A",61.05
INDI 480,INDI 480 PT1,Breast,III,"TP53 p.H179R, c.536A>G",48.24
INDI 483,INDI 483 PT1,Colorectum,II,"TP53 p.G266E, c.797G>A",35.19
INDI 484,INDI 484 PT1,Colorectum,II,"TP53 p.R273H, c.818G>A",48.30
INDI 485,INDI 485 PT1,Esophagus,III,"TP53 p.Q331*, c.991C>T",62.58
INDI 490,INDI 490 PT1,Breast,III,"PIK3CA p.H1047R, c.3140A>G",36.52
INDI 491,INDI 491 PT1,Lung,I,"TP53 p.M44fs, c.130delA",24.25
INDI 494,INDI 494 PT1,Lung,III,"CDKN2A p.H83Y, c.247C>T",19.34
INDI 494,INDI 494 PT1,Lung,III,"TP53 p.G244A, c.731G>C",14.81
INDI 495,INDI 495 PT1,Lung,I,"KRAS p.G12C, c.34G>T",12.49
INDI 497,INDI 497 PT1,Lung,II,"TP53 p.C176R, c.526T>C",39.24
INDI 498,INDI 498 PT1,Colorectum,II,"TP53 p.Y234C, c.701A>G",52.89
INDI 501,INDI 501 PT1,Colorectum,III,"TP53 p.R342*, c.1024C>T",53.91
INDI 502,INDI 502 PT1,Colorectum,III,"TP53 p.I195T, c.584T>C",75.10
INDI 504,INDI 504 PT1,Breast,III,"TP53 p.G105V, c.314G>T",36.73
INDI 505,INDI 505 PT1,Lung,II,"TP53 p.R267P, c.800G>C",25.18
INDI 507,INDI 507 PT1,Lung,II,"TP53 p.R273C, c.817C>T",26.52
INDI 508,INDI 508 PT1,Colorectum,III,"TP53 p.R175H, c.524G>A",59.40
INDI 508,INDI 508 PT1,Colorectum,III,"KRAS p.A146V, c.437C>T",30.77
INDI 511,INDI 511 PT1,Colorectum,III,"TP53 p.S183fs, c.549insA",56.84
INDI 512,INDI 512 PT1,Breast,II,"AKT1 p.E17K, c.49G>A",34.63
INDI 513,INDI 513 PT1,Lung,I,"KRAS p.G12C, c.34G>T",50.62
INDI 514,INDI 514 PT1,Stomach,I,"TP53 p.R248Q, c.743G>A",60.06
INDI 515,INDI 515 PT1,Colorectum,III,"TP53 p.G262V, c.785G>T",61.40
INDI 516,INDI 516 PT1,Pancreas,II,"KRAS p.G12R, c.34G>C",17.16
INDI 516,INDI 516 PT1,Pancreas,II,"TP53 p.R248Q, c.743G>A",10.69
INDI 518,INDI 518 PT1,Colorectum,III,"TP53 p.N131fs, c.392delCAA",49.99
INDI 519,INDI 519 PT1,Lung,I,"KRAS p.G13C, c.37G>T",36.23
INDI 521,INDI 521 PT1,Colorectum,II,"TP53 p.A159D, c.476C>A",29.57
INDI 522,INDI 522 PT1,Lung,I,"TP53 p.E298*, c.892G>T",22.77
INDI 523,INDI 523 PT1,Colorectum,I,"KRAS p.G12D, c.35G>A",27.63
INDI 524,INDI 524 PT1,Lung,III,"TP53 p.R175H, c.524G>A",51.01
INDI 524,INDI 524 PT1,Lung,III,"HRAS p.G13R, c.37G>C",51.01
INDI 525,INDI 525 PT1,Colorectum,I,"PIK3CA p.H1047R, c.3140A>G",37.98
INDI 525,INDI 525 PT1,Colorectum,I,"KRAS p.G13D, c.38G>A",33.70
INDI 526,INDI 526 PT1,Esophagus,III,"TP53 p.S241F, c.722C>T",35.86
INDI 527,INDI 527 PT1,Colorectum,III,"TP53 p.P152L, c.455C>T",59.88
INDI 527,INDI 527 PT1,Colorectum,III,"NRAS p.Q61K, c.181C>A",35.63
INDI 529,INDI 529 PT1,Colorectum,I,"TP53 p.R175H, c.524G>A",64.97
INDI 529,INDI 529 PT1,Colorectum,I,"KRAS p.A59E, c.176C>A",42.48
INDI 530,INDI 530 PT1,Breast,I,"TP53 p.R209fs, c.626delAG",61.39
INDI 532,INDI 532 PT1,Lung,I,"KRAS p.G12C, c.34G>T",23.14
INDI 532,INDI 532 PT1,Lung,I,"TP53 p.G105V, c.314G>T",18.58
INDI 533,INDI 533 PT1,Pancreas,II,"TP53 p.G266E, c.797G>A",36.92
INDI 533,INDI 533 PT1,Pancreas,II,"KRAS p.G12D, c.35G>A",17.82
INDI 533,INDI 533 PT1,Pancreas,II,"CDKN2A p.M54fs, c.161insTG",16.09
INDI 535,INDI 535 PT1,Lung,I,"TP53 p.V157F, c.469G>T",18.74
INDI 535,INDI 535 PT1,Lung,I,"PIK3CA p.E545K, c.1633G>A",7.51
INDI 537,INDI 537 PT1,Ovary,I,"CTNNB1 p.S33F, c.98C>T",29.33
INDI 538,INDI 538 PT1,Lung,III,"TP53 p.A161T, c.481G>A",19.04
INDI 539,INDI 539 PT1,Colorectum,II,"PTEN p.D92A, c.275A>C",45.51
INDI 539,INDI 539 PT1,Colorectum,II,"TP53 p.K132N, c.396G>T",41.27
INDI 539,INDI 539 PT1,Colorectum,II,"TP53 p.K381fs, c.1141delA",40.24
INDI 539,INDI 539 PT1,Colorectum,II,"BRAF p.V600E, c.1799T>A",32.95
INDI 544,INDI 544 PT1,Colorectum,III,"TP53 p.R213Q, c.638G>A",38.23
INDI 544,INDI 544 PT1,Colorectum,III,"TP53 p.G334R, c.1000G>C",31.36
INDI 545,INDI 545 PT1,Lung,I,"TP53 p.W91*, c.273G>A",33.63
INDI 545,INDI 545 PT1,Lung,I,"NRAS p.Q61L, c.182A>T",27.19
INDI 546,INDI 546 PT1,Lung,II,"KRAS p.G12C, c.34G>T",11.32
INDI 547,INDI 547 PT1,Stomach,III,"TP53 p.R342*, c.1024C>T",11.13
INDI 548,INDI 548 PT1,Breast,II,"PIK3CA p.E545K, c.1633G>A",34.66
INDI 549,INDI 549 PT1,Lung,III,"TP53 p.R196*, c.586C>T",50.29
INDI 551,INDI 551 PT1,Colorectum,II,"KRAS p.G13D, c.38G>A",29.86
INDI 555,INDI 555 PT1,Colorectum,II,"APC p.E1309fs, c.3927delAAAGA",48.67
INDI 555,INDI 555 PT1,Colorectum,II,"KRAS p.G12V, c.35G>T",40.71
INDI 555,INDI 555 PT1,Colorectum,II,"TP53 p.Q331Q, c.993G>A (Exon End)",7.43
INDI 558,INDI 558 PT1,Colorectum,I,"TP53 p.E285K, c.853G>A",39.99
INDI 558,INDI 558 PT1,Colorectum,I,"KRAS p.G12D, c.35G>A",35.03
INDI 558,INDI 558 PT1,Colorectum,I,"TP53 p.K132R, c.395A>G",30.55
INDI 560,INDI 560 PT1,Colorectum,I,"TP53 p.P278S, c.832C>T",43.81
INDI 560,INDI 560 PT1,Colorectum,I,"KRAS p.G13D, c.38G>A",33.51
INDI 562,INDI 562 PT1,Colorectum,I,"TP53 p.H179Y, c.535C>T",79.66
INDI 566,INDI 566 PT1,Breast,II,"TP53 p.R248W, c.742C>T",26.98
INDI 567,INDI 567 PT1,Colorectum,II,"KRAS p.G12A, c.35G>C",80.29
INDI 567,INDI 567 PT1,Colorectum,II,"TP53 p.R175H, c.524G>A",66.88
INDI 567,INDI 567 PT1,Colorectum,II,"PIK3CA p.E545K, c.1633G>A",46.68
INDI 568,INDI 568 PT1,Breast,II,"TP53 p.E286fs, c.857delA",62.70
INDI 569,INDI 569 PT1,Breast,III,"PIK3CA p.H1047R, c.3140A>G",18.52
INDI 570,INDI 570 PT1,Colorectum,II,"CTNNB1 p.T41A, c.121A>G",72.65
INDI 570,INDI 570 PT1,Colorectum,II,"KRAS p.G12D, c.35G>A",34.40
INDI 570,INDI 570 PT1,Colorectum,II,"PIK3CA p.R88Q, c.263G>A",27.71
INDI 571,INDI 571 PT1,Breast,III,"PIK3CA p.E545K, c.1633G>A",36.17
INDI 572,INDI 572 PT1,Colorectum,II,"APC p.E1306*, c.3916G>T",30.43
INDI 572,INDI 572 PT1,Colorectum,II,"FBXW7 p.R479Q, c.1436G>A",29.76
INDI 572,INDI 572 PT1,Colorectum,II,"KRAS p.A146T, c.436G>A",28.22
INDI 573,INDI 573 PT1,Colorectum,I,"KRAS p.G12V, c.35G>T",60.50
INDI 573,INDI 573 PT1,Colorectum,I,"FBXW7 p.R505C, c.1513C>T",47.04
INDI 574,INDI 574 PT1,Colorectum,III,"PIK3CA p.R88Q, c.263G>A",23.51
INDI 574,INDI 574 PT1,Colorectum,III,"KRAS p.G12D, c.35G>A",18.46
INDI 575,INDI 575 PT1,Breast,II,"TP53 p.T125T, c.375G>C (Exon End)",20.71
INDI 578,INDI 578 PT1,Breast,I,"AKT1 p.E17K, c.49G>A",27.83
INDI 578,INDI 578 PT1,Breast,I,"PIK3CA p.E542K, c.1624G>A",26.63
INDI 581,INDI 581 PT1,Colorectum,II,"KRAS p.G13D, c.38G>A",50.24
INDI 581,INDI 581 PT1,Colorectum,II,TP53 g.7579311C>A (Splice Site),49.81
INDI 582,INDI 582 PT1,Colorectum,II,"KRAS p.A146T, c.436G>A",38.47
INDI 582,INDI 582 PT1,Colorectum,II,"TP53 p.V197G, c.590T>G",27.27
INDI 582,INDI 582 PT1,Colorectum,II,"FBXW7 p.R505C, c.1513C>T",21.31
INDI 583,INDI 583 PT1,Colorectum,II,"PPP2R1A p.R183W, c.547C>T",21.39
INDI 583,INDI 583 PT1,Colorectum,II,"BRAF p.V600E, c.1799T>A",13.17
INDI 584,INDI 584 PT1,Colorectum,II,"TP53 p.P152fs, c.454insCCGCCCGGCA",45.97
INDI 585,INDI 585 PT1,Esophagus,III,"TP53 p.E343*, c.1027G>T",31.31
INDI 586,INDI 586 PT1,Liver,III,"TP53 p.G279E, c.836G>A",82.95
INDI 587,INDI 587 PT1,Colorectum,II,"TP53 p.R175H, c.524G>A",49.31
INDI 588,INDI 588 PT1,Breast,III,"TP53 p.H214R, c.641A>G",64.37
INDI 588,INDI 588 PT1,Breast,III,"PIK3CA p.H1047R, c.3140A>G",52.48
INDI 589,INDI 589 PT1,Breast,II,"TP53 p.R213*, c.637C>T",52.50
INDI 591,INDI 591 PT1,Colorectum,II,"TP53 p.C242Y, c.725G>A",10.35
INDI 592,INDI 592 PT1,Breast,II,"TP53 p.H179R, c.536A>G",26.87
INDI 593,INDI 593 PT1,Breast,II,"AKT1 p.E17K, c.49G>A",35.72
INDI 594,INDI 594 PT1,Colorectum,III,"CTNNB1 p.G34E, c.101G>A",50.15
INDI 594,INDI 594 PT1,Colorectum,III,"TP53 p.Q167*, c.499C>T",37.58
INDI 595,INDI 595 PT1,Esophagus,II,TP53 g.7578555C>T (Splice Site),15.39
INDI 596,INDI 596 PT1,Breast,III,"TP53 p.H193R, c.578A>G",48.66
INDI 597,INDI 597 PT1,Breast,II,"PIK3CA p.H1047R, c.3140A>G",52.67
INDI 598,INDI 598 PT1,Colorectum,II,"PTEN p.G132S, c.394G>A",66.23
INDI 598,INDI 598 PT1,Colorectum,II,"KRAS p.G12V, c.35G>T",40.34
INDI 599,INDI 599 PT1,Colorectum,II,"TP53 p.V203fs, c.609delATTTGCGTGTG",31.65
INDI 600,INDI 600 PT1,Colorectum,II,"TP53 p.Q104*, c.310C>T",48.26
INDI 600,INDI 600 PT1,Colorectum,II,"PIK3CA p.N345K, c.1035T>A",12.42
INDI 601,INDI 601 PT1,Breast,III,"TP53 p.R213*, c.637C>T",57.70
INDI 602,INDI 602 PT1,Colorectum,II,"TP53 p.E204*, c.610G>T",27.56
INDI 603,INDI 603 PT1,Breast,III,"PIK3CA p.N345K, c.1035T>A",24.11
INDI 604,INDI 604 PT1,Breast,II,"PIK3CA p.H1047R, c.3140A>G",60.24
INDI 604,INDI 604 PT1,Breast,II,"TP53 p.Y220C, c.659A>G",56.88
INDI 605,INDI 605 PT1,Colorectum,II,"TP53 p.V122fs, c.364delTG",62.40
INDI 605,INDI 605 PT1,Colorectum,II,"KRAS p.G12D, c.35G>A",35.01
INDI 606,INDI 606 PT1,Breast,II,"TP53 p.R213*, c.637C>T",61.27
INDI 607,INDI 607 PT1,Breast,II,"TP53 p.C275F, c.824G>T",17.97
INDI 608,INDI 608 PT1,Colorectum,II,"TP53 p.V272E, c.815T>A",39.50
INDI 608,INDI 608 PT1,Colorectum,II,"KRAS p.G13D, c.38G>A",35.26
INDI 609,INDI 609 PT1,Colorectum,II,"TP53 p.T253P, c.757A>C",46.39
INDI 610,INDI 610 PT1,Colorectum,II,"TP53 p.H193Y, c.577C>T",24.53
INDI 611,INDI 611 PT1,Colorectum,II,"KRAS p.G12D, c.35G>A",16.69
INDI 612,INDI 612 PT1,Colorectum,II,"TP53 p.R213Q, c.638G>A",44.18
INDI 613,INDI 613 PT1,Breast,II,"TP53 p.R248Q, c.743G>A",37.44
INDI 613,INDI 613 PT1,Breast,II,"PIK3CA p.H1047R, c.3140A>G",31.70
INDI 614,INDI 614 PT1,Colorectum,II,"TP53 p.Q331Q, c.993G>A (Exon End)",79.45
INDI 614,INDI 614 PT1,Colorectum,II,"NRAS p.G12D, c.35G>A",54.67
INDI 615,INDI 615 PT1,Colorectum,II,"KRAS p.G13D, c.38G>A",66.51
INDI 618,INDI 618 PT1,Colorectum,III,"TP53 p.A63V, c.188C>T",62.39
INDI 618,INDI 618 PT1,Colorectum,III,"TP53 p.R342*, c.1024C>T",28.71
INDI 618,INDI 618 PT1,Colorectum,III,"KRAS p.G12D, c.35G>A",24.60
INDI 618,INDI 618 PT1,Colorectum,III,"PIK3CA p.E545K, c.1633G>A",17.18
INDI 620,INDI 620 PT1,Colorectum,II,"KRAS p.G13D, c.38G>A",43.98
INDI 621,INDI 621 PT1,Colorectum,II,"TP53 p.G266E, c.797G>A",59.05
INDI 623,INDI 623 PT1,Breast,III,"TP53 p.R273P, c.818G>C",63.07
INDI 624,INDI 624 PT1,Colorectum,II,"TP53 p.C176Y, c.527G>A",79.81
INDI 625,INDI 625 PT1,Colorectum,II,"TP53 p.S127F, c.380C>T",49.25
INDI 625,INDI 625 PT1,Colorectum,II,"KRAS p.G12S, c.34G>A",38.10
INDI 626,INDI 626 PT1,Colorectum,II,"TP53 p.R280G, c.838A>G",72.20
INDI 626,INDI 626 PT1,Colorectum,II,"KRAS p.G12D, c.35G>A",36.41
INDI 627,INDI 627 PT1,Breast,II,"TP53 p.H214R, c.641A>G",47.36
INDI 628,INDI 628 PT1,Colorectum,II,"TP53 p.A63V, c.188C>T",44.69
INDI 628,INDI 628 PT1,Colorectum,II,"PIK3CA p.H1047L, c.3140A>T",33.46
INDI 628,INDI 628 PT1,Colorectum,II,"KRAS p.G13D, c.38G>A",31.58
INDI 628,INDI 628 PT1,Colorectum,II,"CTNNB1 p.T41A, c.121A>G",12.56
INDI 628,INDI 628 PT1,Colorectum,II,"TP53 p.S127P, c.379T>C",12.39
INDI 629,INDI 629 PT1,Breast,I,"TP53 p.I195T, c.584T>C",68.62
INDI 630,INDI 630 PT1,Breast,I,"PIK3CA p.E545K, c.1633G>A",23.88
INDI 631,INDI 631 PT1,Colorectum,II,"TP53 p.P278S, c.832C>T",62.21
INDI 631,INDI 631 PT1,Colorectum,II,"PIK3CA p.R88Q, c.263G>A",14.23
INDI 633,INDI 633 PT1,Colorectum,II,"TP53 p.I251fs, c.753delC",71.16
INDI 635,INDI 635 PT1,Colorectum,II,"PTEN p.R130Q, c.389G>A",30.74
INDI 635,INDI 635 PT1,Colorectum,II,"PIK3CA p.R88Q, c.263G>A",27.79
INDI 636,INDI 636 PT1,Liver,III,"CTNNB1 p.T41A, c.121A>G",71.84
INDI 637,INDI 637 PT1,Breast,III,TP53 g.7578176C>G (Splice Site),70.19
INDI 637,INDI 637 PT1,Breast,III,"PIK3CA p.H1047R, c.3140A>G",53.45
INDI 638,INDI 638 PT1,Breast,I,"TP53 p.R248W, c.742C>T",67.59
INDI 639,INDI 639 PT1,Liver,II,"TP53 p.R158L, c.473G>T",31.21
INDI 640,INDI 640 PT1,Colorectum,II,"TP53 p.C141Y, c.422G>A",78.92
INDI 641,INDI 641 PT1,Breast,III,"AKT1 p.E17K, c.49G>A",81.72
INDI 643,INDI 643 PT1,Colorectum,II,"TP53 p.G245S, c.733G>A",88.25
INDI 645,INDI 645 PT1,Liver,III,"TP53 p.R249S, c.747G>T",16.75
INDI 646,INDI 646 PT1,Breast,II,"TP53 p.L194R, c.581T>G",34.67
INDI 646,INDI 646 PT1,Breast,II,"PIK3CA p.H1047R, c.3140A>G",21.94
INDI 647,INDI 647 PT1,Colorectum,III,"TP53 p.R248L, c.743G>T",72.87
INDI 648,INDI 648 PT1,Colorectum,III,"TP53 p.E258G, c.773A>G",51.85
INDI 648,INDI 648 PT1,Colorectum,III,"KRAS p.G12V, c.35G>T",43.84
INDI 649,INDI 649 PT1,Colorectum,III,"TP53 p.P250L, c.749C>T",18.30
INDI 650,INDI 650 PT1,Colorectum,III,"TP53 p.R213*, c.637C>T",31.51
INDI 654,INDI 654 PT1,Colorectum,II,"PIK3CA p.H1047R, c.3140A>G",33.02
INDI 654,INDI 654 PT1,Colorectum,II,"FBXW7 p.R465H, c.1394G>A",29.24
INDI 655,INDI 655 PT1,Colorectum,II,"KRAS p.G12D, c.35G>A",29.16
INDI 656,INDI 656 PT1,Breast,III,"AKT1 p.E17K, c.49G>A",36.55
INDI 657,INDI 657 PT1,Colorectum,II,"TP53 p.R158H, c.473G>A",50.17
INDI 657,INDI 657 PT1,Colorectum,II,"KRAS p.G12A, c.35G>C",46.79
INDI 658,INDI 658 PT1,Colorectum,I,"TP53 p.T125fs, c.375GTCTGTGACTTGCACG>LLUN (Exon End)",35.15
INDI 658,INDI 658 PT1,Colorectum,I,"KRAS p.G13D, c.38G>A",34.68
INDI 658,INDI 658 PT1,Colorectum,I,"CDKN2A p.R80*, c.238C>T",31.71
INDI 660,INDI 660 PT1,Colorectum,II,"KRAS p.G12D, c.35G>A",42.79
INDI 662,INDI 662 PT1,Breast,I,"PIK3CA p.E545K, c.1633G>A",23.74
INDI 663,INDI 663 PT1,Esophagus,II,"TP53 p.Q331*, c.991C>T",64.63
INDI 665,INDI 665 PT1,Esophagus,III,"TP53 p.C135F, c.404G>T",71.61
INDI 665,INDI 665 PT1,Esophagus,III,"FGFR2 p.P253R, c.758C>G",39.53
INDI 666,INDI 666 PT1,Breast,II,"TP53 p.R306*, c.916C>T",66.76
INDI 667,INDI 667 PT1,Breast,II,"TP53 p.T125M, c.374C>T",38.93
INDI 669,INDI 669 PT1,Liver,III,"TP53 p.R249S, c.747G>T",39.61
INDI 670,INDI 670 PT1,Colorectum,III,"TP53 p.G117fs, c.350insGGAC",50.34
INDI 671,INDI 671 PT1,Lung,I,"EGFR p.L858R, c.2573T>G",23.18
INDI 673,INDI 673 PT1,Breast,II,"PIK3CA p.E542K, c.1624G>A",31.51
INDI 674,INDI 674 PT1,Lung,I,"TP53 p.R249G, c.745A>G",65.38
INDI 674,INDI 674 PT1,Lung,I,"KRAS p.G12C, c.34G>T",55.70
INDI 675,INDI 675 PT1,Colorectum,III,"BRAF p.I592V, c.1774A>G",53.02
INDI 675,INDI 675 PT1,Colorectum,III,"TP53 p.T125T, c.375G>A (Exon End)",50.24
INDI 675,INDI 675 PT1,Colorectum,III,"TP53 p.R181P, c.542G>C",24.50
INDI 675,INDI 675 PT1,Colorectum,III,"PIK3CA p.E542K, c.1624G>A",21.29
INDI 677,INDI 677 PT1,Colorectum,II,"KRAS p.G12D, c.35G>A",51.30
INDI 678,INDI 678 PT1,Colorectum,III,"TP53 p.E224fs, c.670insG",72.34
INDI 678,INDI 678 PT1,Colorectum,III,"KRAS p.Q61H, c.183A>T",39.77
INDI 679,INDI 679 PT1,Colorectum,II,"KRAS p.G12D, c.35G>A",24.24
INDI 683,INDI 683 PT1,Colorectum,II,"TP53 p.D281H, c.841G>C",70.69
INDI 683,INDI 683 PT1,Colorectum,II,"KRAS p.A146V, c.437C>T",68.91
INDI 685,INDI 685 PT1,Colorectum,III,"TP53 p.I195T, c.584T>C",38.87
INDI 686,INDI 686 PT1,Pancreas,II,"CDKN2A p.T77fs, c.231delCT",42.48
INDI 686,INDI 686 PT1,Pancreas,II,"KRAS p.G12V, c.35G>T",33.64
INDI 687,INDI 687 PT1,Lung,III,"KRAS p.G12V, c.35G>T",66.77
INDI 687,INDI 687 PT1,Lung,III,"TP53 p.R273L, c.818G>T",38.34
INDI 688,INDI 688 PT1,Colorectum,II,"TP53 p.R282W, c.844C>T",84.86
INDI 688,INDI 688 PT1,Colorectum,II,"KRAS p.A146T, c.436G>A",69.13
INDI 691,INDI 691 PT1,Lung,I,"TP53 p.R248fs, c.742delC",41.49
INDI 692,INDI 692 PT1,Colorectum,III,"KRAS p.G12D, c.35G>A",40.63
INDI 692,INDI 692 PT1,Colorectum,III,"FBXW7 p.R505C, c.1513C>T",37.25
INDI 692,INDI 692 PT1,Colorectum,III,"PIK3CA p.E545K, c.1633G>A",34.15
INDI 693,INDI 693 PT1,Lung,III,"TP53 p.H193Y, c.577C>T",69.11
INDI 694,INDI 694 PT1,Lung,I,TP53 g.7578290C>A (Splice Site),38.74
INDI 694,INDI 694 PT1,Lung,I,"KRAS p.G12C, c.34G>T",30.67
INDI 695,INDI 695 PT1,Pancreas,II,"TP53 p.A138V, c.413C>T",31.96
INDI 695,INDI 695 PT1,Pancreas,II,"KRAS p.G12R, c.34G>C",22.83
INDI 696,INDI 696 PT1,Lung,II,"HRAS p.G13V, c.38G>T",63.25
INDI 697,INDI 697 PT1,Breast,II,"PIK3CA p.E542K, c.1624G>A",29.83
INDI 700,INDI 700 PT1,Lung,III,"TP53 p.E286*, c.856G>T",71.37
INDI 701,INDI 701 PT1,Colorectum,II,"BRAF p.V600E, c.1799T>A",10.05
INDI 702,INDI 702 PT1,Lung,II,"TP53 p.E298*, c.892G>T",75.88
INDI 703,INDI 703 PT1,Lung,I,"TP53 p.K132N, c.396G>T",41.10
INDI 703,INDI 703 PT1,Lung,I,"CDKN2A p.D84H, c.250G>C",36.05
INDI 704,INDI 704 PT1,Breast,II,"PIK3CA p.H1047R, c.3140A>G",20.89
INDI 708,INDI 708 PT1,Colorectum,III,"KRAS p.G12C, c.34G>T",36.50
INDI 709,INDI 709 PT1,Colorectum,II,"FBXW7 p.R465C, c.1393C>T",29.51
INDI 709,INDI 709 PT1,Colorectum,II,"BRAF p.V600E, c.1799T>A",21.44
INDI 710,INDI 710 PT1,Colorectum,III,TP53 g.7578176C>G (Splice Site),60.22
INDI 710,INDI 710 PT1,Colorectum,III,"PIK3CA p.Q546R, c.1637A>G",41.90
INDI 710,INDI 710 PT1,Colorectum,III,"KRAS p.G12D, c.35G>A",36.54
INDI 710,INDI 710 PT1,Colorectum,III,"APC p.R1450*, c.4348C>T",31.61
INDI 711,INDI 711 PT1,Breast,III,"TP53 p.Y163C, c.488A>G",31.57
INDI 711,INDI 711 PT1,Breast,III,"PIK3CA p.E545K, c.1633G>A",26.58
INDI 712,INDI 712 PT1,Breast,I,"TP53 p.C141Y, c.422G>A",13.28
INDI 714,INDI 714 PT1,Breast,III,"TP53 p.R175H, c.524G>A",56.98
INDI 720,INDI 720 PT1,Colorectum,III,"KRAS p.G12D, c.35G>A",36.44
INDI 723,INDI 723 PT1,Ovary,III,"TP53 p.S215I, c.644G>T",47.72
INDI 724,INDI 724 PT1,Colorectum,II,"TP53 p.I254fs, c.761delCAT",59.80
INDI 725,INDI 725 PT1,Colorectum,II,"APC p.E1309fs, c.3927delAAAGA",30.07
INDI 726,INDI 726 PT1,Colorectum,I,"TP53 p.R248W, c.742C>T",81.19
INDI 726,INDI 726 PT1,Colorectum,I,"KRAS p.A146T, c.436G>A",50.34
INDI 729,INDI 729 PT1,Colorectum,II,"KRAS p.G13D, c.38G>A",9.59
INDI 747,INDI 747 PT1,Colorectum,III,"TP53 p.E180fs, c.540delCGCTGCCCCCACCATGAG",12.34
INDI 749,INDI 749 PT1,Colorectum,III,"KRAS p.G12D, c.35G>A",45.30
INDI 749,INDI 749 PT1,Colorectum,III,"TP53 p.G105V, c.314G>T",26.38
INDI 750,INDI 750 PT1,Colorectum,III,"TP53 p.R175H, c.524G>A",70.38
INDI 751,INDI 751 PT1,Colorectum,III,"PIK3CA p.N345K, c.1035T>A",27.82
INDI 752,INDI 752 PT1,Colorectum,III,"TP53 p.R175H, c.524G>A",69.65
INDI 753,INDI 753 PT1,Esophagus,III,"TP53 p.Y220C, c.659A>G",79.67
INDI 754,INDI 754 PT1,Breast,III,"TP53 p.Y220C, c.659A>G",51.92
INDI 755,INDI 755 PT1,Esophagus,III,"TP53 p.I255F, c.763A>T",33.79
INDI 755,INDI 755 PT1,Esophagus,III,"TP53 p.P151fs, c.451insC",23.65
INDI 758,INDI 758 PT1,Colorectum,II,"KRAS p.G12V, c.35G>T",69.43
INDI 758,INDI 758 PT1,Colorectum,II,"PIK3CA p.E545K, c.1633G>A",45.70
INDI 759,INDI 759 PT1,Breast,III,"TP53 p.C135W, c.405C>G",54.74
INDI 761,INDI 761 PT1,Colorectum,II,"TP53 p.E180fs, c.540delCGCTGCCCCCACCATGAG",54.92
INDI 763,INDI 763 PT1,Colorectum,I,"TP53 p.R282W, c.844C>T",63.06
INDI 763,INDI 763 PT1,Colorectum,I,"APC p.E1309fs, c.3927delAAAGA",56.26
INDI 764,INDI 764 PT1,Colorectum,II,"TP53 p.E51fs, c.151delG",50.48
INDI 765,INDI 765 PT1,Colorectum,I,"KRAS p.G12D, c.35G>A",56.37
INDI 766,INDI 766 PT1,Breast,II,"PIK3CA p.E542K, c.1624G>A",27.69
INDI 767,INDI 767 PT1,Colorectum,II,"KRAS p.G12D, c.35G>A",47.73
INDI 767,INDI 767 PT1,Colorectum,II,"APC p.R1450*, c.4348C>T",25.97
INDI 768,INDI 768 PT1,Colorectum,II,"KRAS p.G12V, c.35G>T",30.61
INDI 769,INDI 769 PT1,Colorectum,II,"TP53 p.I251V, c.751A>G",91.14
INDI 769,INDI 769 PT1,Colorectum,II,"TP53 p.Y163C, c.488A>G",85.92
INDI 769,INDI 769 PT1,Colorectum,II,"KRAS p.G12D, c.35G>A",56.37
INDI 770,INDI 770 PT1,Colorectum,II,"TP53 p.E285K, c.853G>A",63.00
INDI 770,INDI 770 PT1,Colorectum,II,"PIK3CA p.E545K, c.1633G>A",59.73
INDI 770,INDI 770 PT1,Colorectum,II,"APC p.E1306*, c.3916G>T",53.52
INDI 770,INDI 770 PT1,Colorectum,II,"KRAS p.G13D, c.38G>A",42.01
INDI 771,INDI 771 PT1,Liver,II,"CTNNB1 p.S45A, c.133T>G",5.44
INDI 772,INDI 772 PT1,Colorectum,II,"TP53 p.E62*, c.184G>T",51.99
INDI 772,INDI 772 PT1,Colorectum,II,"PIK3CA p.E545K, c.1633G>A",28.84
INDI 773,INDI 773 PT1,Colorectum,II,"TP53 p.P152L, c.455C>T",77.86
INDI 774,INDI 774 PT1,Colorectum,I,"KRAS p.G13D, c.38G>A",46.65
INDI 776,INDI 776 PT1,Esophagus,II,"TP53 p.E346*, c.1036G>T",77.51
INDI 777,INDI 777 PT1,Colorectum,II,"TP53 p.E258K, c.772G>A",66.10
INDI 778,INDI 778 PT1,Liver,II,"CTNNB1 p.I35S, c.104T>G",31.67
INDI 779,INDI 779 PT1,Colorectum,II,"TP53 p.E11Q, c.31G>C",79.59
INDI 779,INDI 779 PT1,Colorectum,II,"TP53 p.R248W, c.742C>T",61.49
INDI 779,INDI 779 PT1,Colorectum,II,"KRAS p.G12D, c.35G>A",38.85
INDI 780,INDI 780 PT1,Colorectum,II,"TP53 p.R273C, c.817C>T",47.55
INDI 782,INDI 782 PT1,Colorectum,III,"BRAF p.V600E, c.1799T>A",27.99
INDI 783,INDI 783 PT1,Colorectum,III,"TP53 p.V216L, c.646G>C",33.92
INDI 783,INDI 783 PT1,Colorectum,III,"KRAS p.G13D, c.38G>A",22.23
INDI 785,INDI 785 PT1,Colorectum,I,"KRAS p.G12R, c.34G>C",24.86
INDI 786,INDI 786 PT1,Liver,I,"TP53 p.C135F, c.404G>T",7.09
INDI 788,INDI 788 PT1,Colorectum,II,"BRAF p.V600E, c.1799T>A",31.83
INDI 788,INDI 788 PT1,Colorectum,II,"FBXW7 p.R465C, c.1393C>T",28.38
INDI 788,INDI 788 PT1,Colorectum,II,"TP53 p.R273S, c.817C>A",27.87
INDI 798,INDI 798 PT1,Ovary,II,"TP53 p.Y163C, c.488A>G",84.11
INDI 800,INDI 800 PT1,Liver,II,"CTNNB1 p.T41A, c.121A>G",44.31
INDI 802,INDI 802 PT1,Pancreas,II,"CDKN2A p.E88*, c.262G>T",11.06
INDI 802,INDI 802 PT1,Pancreas,II,"PTEN p.P96S, c.286C>T",6.85
INDI 803,INDI 803 PT1,Esophagus,II,"TP53 p.R213*, c.637C>T",50.46
INDI 806,INDI 806 PT1,Colorectum,II,"TP53 p.I255S, c.764T>G",47.68
INDI 806,INDI 806 PT1,Colorectum,II,"BRAF p.V600E, c.1799T>A",23.73
INDI 808,INDI 808 PT1,Colorectum,III,"TP53 p.R213*, c.637C>T",61.35
INDI 809,INDI 809 PT1,Colorectum,III,"APC p.I1304fs, c.3910delA",62.39
INDI 809,INDI 809 PT1,Colorectum,III,"TP53 p.R273H, c.818G>A",50.95
INDI 812,INDI 812 PT1,Ovary,II,"CTNNB1 p.T41A, c.121A>G",42.81
INDI 812,INDI 812 PT1,Ovary,II,"KRAS p.G12C, c.34G>T",40.86
INDI 814,INDI 814 PT1,Stomach,I,"PIK3CA p.E545K, c.1633G>A",17.98
INDI 816,INDI 816 PT1,Colorectum,II,"TP53 p.L264fs, c.792delCTA",38.23
INDI 818,INDI 818 PT1,Ovary,III,"TP53 p.G154fs, c.460delG",79.96
INDI 819,INDI 819 PT1,Breast,III,"AKT1 p.E17K, c.49G>A",30.37
INDI 819,INDI 819 PT1,Breast,III,"TP53 p.R175H, c.524G>A",16.96
INDI 821,INDI 821 PT1,Colorectum,III,"TP53 p.E258*, c.772G>T",80.26
INDI 821,INDI 821 PT1,Colorectum,III,"BRAF p.V600E, c.1799T>A",37.74
INDI 822,INDI 822 PT1,Colorectum,II,"KRAS p.G12V, c.35G>T",45.41
INDI 822,INDI 822 PT1,Colorectum,II,"PIK3CA p.H1047R, c.3140A>G",27.95
INDI 823,INDI 823 PT1,Breast,II,"TP53 p.H193Y, c.577C>T",27.29
INDI 823,INDI 823 PT1,Breast,II,"TP53 p.Q192H, c.576G>T",27.29
INDI 823,INDI 823 PT1,Breast,II,"PIK3CA p.H1047R, c.3140A>G",26.32
INDI 825,INDI 825 PT1,Colorectum,III,"NRAS p.Q61K, c.181C>A",34.29
INDI 825,INDI 825 PT1,Colorectum,III,"FBXW7 p.R465C, c.1393C>T",25.77
INDI 826,INDI 826 PT1,Colorectum,II,"TP53 p.N239S, c.716A>G",66.64
INDI 826,INDI 826 PT1,Colorectum,II,"APC p.E1309fs, c.3927delAAAGA",32.30
INDI 827,INDI 827 PT1,Colorectum,III,"KRAS p.A146T, c.436G>A",46.32
INDI 827,INDI 827 PT1,Colorectum,III,"TP53 p.R175H, c.524G>A",32.32
INDI 827,INDI 827 PT1,Colorectum,III,"FBXW7 p.R505C, c.1513C>T",23.77
INDI 827,INDI 827 PT1,Colorectum,III,"PIK3CA p.E545G, c.1634A>G",22.20
INDI 829,INDI 829 PT1,Colorectum,III,"TP53 p.G266R, c.796G>A",39.08
INDI 829,INDI 829 PT1,Colorectum,III,"BRAF p.D594G, c.1781A>G",22.95
INDI 829,INDI 829 PT1,Colorectum,III,"NRAS p.Q61R, c.182A>G",20.90
INDI 829,INDI 829 PT1,Colorectum,III,"PIK3CA p.M1043I, c.3129G>A",19.84
INDI 830,INDI 830 PT0,Breast,II,"TP53 p.R282W, c.844C>T",33.78
INDI 830,INDI 830 PT0,Breast,II,"PIK3CA p.N345K, c.1035T>A",22.35
INDI 831,INDI 831 PT1,Breast,I,"TP53 p.R175H, c.524G>A",24.73
INDI 832,INDI 832 PT1,Breast,II,"PIK3CA p.H1047R, c.3140A>G",25.65
INDI 833,INDI 833 PT1,Breast,I,"PTEN p.R130Q, c.389G>A",18.58
INDI 833,INDI 833 PT1,Breast,I,"PIK3CA p.M1043I, c.3129G>A",11.50
INDI 833,INDI 833 PT1,Breast,I,"PIK3CA p.N345K, c.1035T>A",5.90
INDI 835,INDI 835 PT1,Colorectum,III,"TP53 p.G245S, c.733G>A",38.90
INDI 837,INDI 837 PT1,Colorectum,II,"FBXW7 p.R465H, c.1394G>A",22.73
INDI 837,INDI 837 PT1,Colorectum,II,"BRAF p.V600E, c.1799T>A",19.54
INDI 838,INDI 838 PT1,Colorectum,III,"APC p.E1306*, c.3916G>T",53.28
INDI 838,INDI 838 PT1,Colorectum,III,"TP53 p.N131fs, c.392delCAA",51.96
INDI 841,INDI 841 PT1,Colorectum,III,"TP53 p.R248W, c.742C>T",50.91
INDI 843,INDI 843 PT1,Esophagus,I,"TP53 p.R280T, c.839G>C",34.42
INDI 843,INDI 843 PT1,Esophagus,I,"TP53 p.N131fs, c.392delCAA",14.68
INDI 846,INDI 846 PT1,Colorectum,II,"TP53 p.Y234C, c.701A>G",46.30
INDI 846,INDI 846 PT1,Colorectum,II,"APC p.E1309fs, c.3927delAAAGA",34.94
INDI 847,INDI 847 PT1,Liver,III,"KRAS p.G13D, c.38G>A",17.41
INDI 848,INDI 848 PT1,Colorectum,II,"PIK3CA p.H1047R, c.3140A>G",21.35
INDI 848,INDI 848 PT1,Colorectum,II,"TP53 p.K381fs, c.1141delA",18.55
INDI 849,INDI 849 PT1,Colorectum,II,"TP53 p.R248Q, c.743G>A",59.21
INDI 849,INDI 849 PT1,Colorectum,II,"KRAS p.G13D, c.38G>A",50.20
INDI 850,INDI 850 PT1,Esophagus,II,"TP53 p.H193P, c.578A>C",85.41
INDI 853,INDI 853 PT1,Esophagus,II,TP53 g.7577018C>A (Splice Site),22.00
INDI 854,INDI 854 PT1,Colorectum,II,"APC p.R1450*, c.4348C>T",15.44
INDI 855,INDI 855 PT1,Colorectum,II,"TP53 p.Y205H, c.613T>C",58.93
INDI 856,INDI 856 PT1,Breast,III,"TP53 p.G245D, c.734G>A",67.30
INDI 856,INDI 856 PT1,Breast,III,"PIK3CA p.H1047R, c.3140A>G",40.28
INDI 857,INDI 857 PT1,Breast,III,"TP53 p.C176G, c.526T>G",54.52
INDI 858,INDI 858 PT1,Breast,I,"PIK3CA p.E542K, c.1624G>A",38.66
INDI 859,INDI 859 PT1,Esophagus,II,"TP53 p.Y234N, c.700T>A",47.06
INDI 859,INDI 859 PT1,Esophagus,II,"PIK3CA p.N1044K, c.3132T>A",5.34
INDI 860,INDI 860 PT1,Breast,I,"PIK3CA p.E542K, c.1624G>A",38.31
INDI 860,INDI 860 PT1,Breast,I,TP53 g.7576927delC (Splice Site),35.10
INDI 861,INDI 861 PT1,Liver,II,"TP53 p.G334V, c.1001G>T",77.21
INDI 867,INDI 867 PT1,Esophagus,II,"TP53 p.T125T, c.375G>T (Exon End)",40.23
INDI 867,INDI 867 PT1,Esophagus,II,"TP53 p.R181P, c.542G>C",30.17
INDI 868,INDI 868 PT1,Liver,III,"TP53 p.R280T, c.839G>C",63.26
INDI 870,INDI 870 PT1,Breast,II,"PIK3CA p.N345K, c.1035T>A",39.76
INDI 872,INDI 872 PT1,Breast,III,"TP53 p.H179Y, c.535C>T",86.26
INDI 872,INDI 872 PT1,Breast,III,"PIK3CA p.H1047L, c.3140A>T",59.15
INDI 872,INDI 872 PT1,Breast,III,"CTNNB1 p.S37C, c.110C>G",11.60
INDI 873,INDI 873 PT1,Breast,III,"PIK3CA p.H1047R, c.3140A>G",24.40
INDI 878,INDI 878 PT1,Breast,III,"TP53 p.R248W, c.742C>T",69.51
INDI 879,INDI 879 PT1,Breast,II,"TP53 p.P142fs, c.424delATGTTTTGCCAACTGGCCAAGACCTGCC",6.01
INDI 881,INDI 881 PT1,Breast,II,"PIK3CA p.H1047R, c.3140A>G",51.46
INDI 883,INDI 883 PT1,Breast,II,"PIK3CA p.N345K, c.1035T>A",61.23
INDI 883,INDI 883 PT1,Breast,II,"TP53 p.M237I, c.711G>A",51.69
INDI 884,INDI 884 PT1,Breast,II,"TP53 p.Y220C, c.659A>G",75.48
INDI 885,INDI 885 PT1,Breast,II,"TP53 p.H179R, c.536A>G",50.53
INDI 886,INDI 886 PT1,Breast,II,"TP53 p.F109V, c.325T>G",19.67
INDI 905,INDI 905 PT1 ,Esophagus,II,"TP53 p.S241F, c.722C>T",79.33
INDI 907,INDI 907 PT1 ,Esophagus,II,"TP53 p.T256fs, c.767insCACT",48.23
INDI 908,INDI 908 PT1 ,Esophagus,II,"TP53 p.G266V, c.797G>T",48.34
INDI 909,INDI 909 PT1 ,Esophagus,II,"TP53 p.P152L, c.455C>T",54.23
INDI 911,INDI 911 PT1 ,Esophagus,II,"TP53 p.Y220C, c.659A>G",24.18
INDI 911,INDI 911 PT1 ,Esophagus,II,"TP53 p.R273L, c.818G>T",13.89
INDI 913,INDI 913 PT1 ,Esophagus,III,"TP53 p.R248P, c.743G>C",62.23
INDI 913,INDI 913 PT1 ,Esophagus,III,"TP53 p.V172F, c.514G>T",13.34
INDI 915,INDI 915 PT1 ,Breast,II,"PIK3CA p.H1047R, c.3140A>G",23.70
INDI 921,INDI 921 PT1 ,Breast,II,"PIK3CA p.N345K, c.1035T>A",35.42
INDI 928,INDI 928 PT1 ,Stomach,II,"TP53 p.F338fs, c.1014delC",84.79
INDI 929,INDI 929 PT1 ,Stomach,II,"TP53 p.V216L, c.646G>C",80.49
INDI 930,INDI 930 PT1 ,Stomach,II,"TP53 p.R342*, c.1024C>T",30.55
INDI 932,INDI 932PT1 ,Ovary,III,"TP53 p.L252fs, c.754delTCC",92.30
INDI 933,INDI 933 PT1 ,Esophagus,III,"TP53 p.I195fs, c.585insCCGAGTGGAAGGAT",50.81
INDI 933,INDI 933 PT1 ,Esophagus,III,"TP53 p.I195fs, c.583insATCCGAGTGGAAGG",36.94
LCR 812,LCR 812 PT1,Pancreas,II,"KRAS p.G12D, c.35G>A",23.93
LCR 812,LCR 812 PT1,Pancreas,II,"GNAS p.R201H, c.602G>A",11.85
LCR 814,LCR 814 PT1,Pancreas,II,"TP53 p.E298*, c.892G>T",19.45
LCR 814,LCR 814 PT1,Pancreas,II,"KRAS p.G12A, c.35G>C",11.15
PANC 757,PANC 757 PT1,Pancreas,II,"KRAS p.G12D, c.35G>A",10.47
PANC 758,PANC 758 PT1,Pancreas,II,"TP53 p.R337L, c.1010G>T",37.50
PANC 758,PANC 758 PT1,Pancreas,II,"KRAS p.G12D, c.35G>A",15.38
PANC 759,PANC 759 PT1,Pancreas,II,"KRAS p.G12V, c.35G>T",28.07
PANC 760,PANC 760 PT1,Pancreas,II,"TP53 p.R175H, c.524G>A",10.65
PANC 760,PANC 760 PT1,Pancreas,II,"KRAS p.G12D, c.35G>A",6.75
PANC 761,PANC 761 PT1,Pancreas,II,"TP53 p.E286G, c.857A>G",25.19
PANC 761,PANC 761 PT1,Pancreas,II,"KRAS p.G12V, c.35G>T",22.14
PANC 762,PANC 762 PT1,Pancreas,II,"TP53 p.R175H, c.524G>A",36.11
PANC 762,PANC 762 PT1,Pancreas,II,"KRAS p.G12R, c.34G>C",18.13
PANC 765,PANC 765 PT1,Pancreas,II,"KRAS p.G12D, c.35G>A",24.19
PANC 765,PANC 765 PT1,Pancreas,II,"TP53 p.S260fs, c.778delCCATCATCACACTGGAAGACT",12.44
PANC 767,PANC 767 PT1,Pancreas,II,"TP53 p.R175H, c.524G>A",13.57
PANC 767,PANC 767 PT1,Pancreas,II,"KRAS p.G12R, c.34G>C",5.50
PANC 769,PANC 769 PT1,Pancreas,II,"KRAS p.G12D, c.35G>A",25.60
PANCA 1149,PANCA 1149 PT1,Pancreas,II,"TP53 p.R306*, c.916C>T",20.83
PANCA 1149,PANCA 1149 PT1,Pancreas,II,"KRAS p.G12V, c.35G>T",9.12
PANCA 1152,PANCA 1152 PT1,Pancreas,I,"TP53 p.R282W, c.844C>T",30.92
PANCA 1152,PANCA 1152 PT1,Pancreas,I,"KRAS p.G12D, c.35G>A",18.45
PANCA 1153,PANCA 1153 PT1,Pancreas,II,"KRAS p.G12D, c.35G>A",8.72
PANCA 1155,PANCA 1155 PT1,Pancreas,II,"KRAS p.G12D, c.35G>A",23.38
